项目名称,项目URL,提交ID,提交者,提交时间,提交信息,提交链接
jarun/nnn,https://github.com/jarun/nnn,afeefcb,Arun Prakash Jana,2025-12-01T14:00:43Z,Merge pull request #2096 from MicroMilo/master  Add return value check of unlink,https://github.com/jarun/nnn/commit/afeefcb703161b392e7a0b327db4e13a0bff85ad
jarun/nnn,https://github.com/jarun/nnn,79e3eec,MicroMilo,2025-11-27T10:53:23Z,Fix compile warning,https://github.com/jarun/nnn/commit/79e3eec68865481709a39df480db01fb1b87d85d
jarun/nnn,https://github.com/jarun/nnn,6a79a82,xjdeng,2025-11-26T02:51:45Z,Add return value check of unlink,https://github.com/jarun/nnn/commit/6a79a8285b6cc2866cfcf1c5814efa85af840b96
jarun/nnn,https://github.com/jarun/nnn,a2720a6,Arun Prakash Jana,2025-11-23T15:04:18Z,Double confirm if removing more than 10 selected files,https://github.com/jarun/nnn/commit/a2720a61a9d6eff455fd9101f0475cba7f7e45bf
jarun/nnn,https://github.com/jarun/nnn,4822089,Arun Prakash Jana,2025-11-18T13:41:13Z,Minor code refactor,https://github.com/jarun/nnn/commit/4822089024f4609b00b277bfe2e15b5192cfe21f
jarun/nnn,https://github.com/jarun/nnn,13813a6,Arun Prakash Jana,2025-11-18T13:25:24Z,Fix #2093: Potential NULL Pointer Derefernce caused by missing check the return value of getcwd,https://github.com/jarun/nnn/commit/13813a61a3680c490e9e0e533e5a4ae31443d107
jarun/nnn,https://github.com/jarun/nnn,2f07ccd,Arun Prakash Jana,2025-11-18T13:10:24Z,Fix #2091: Double Free bug report,https://github.com/jarun/nnn/commit/2f07ccdf21e705377862e5f9dfa31e1694979ac7
jarun/nnn,https://github.com/jarun/nnn,19ead0c,Arun Prakash Jana,2025-11-18T13:02:04Z,Disable traversal in floating window for non-file cases,https://github.com/jarun/nnn/commit/19ead0c61193625b6be7d362e8ef8c952a8a0bdc
jarun/nnn,https://github.com/jarun/nnn,1172bc3,Arun Prakash Jana,2025-11-17T17:44:49Z,Refactor spawn() and get_output()  - simplify the code - do not call spawn() in get_output() to execute command,https://github.com/jarun/nnn/commit/1172bc379bacdf9b9a109c452c56a5f3b12a9fd9
jarun/nnn,https://github.com/jarun/nnn,d74f4c5,Arun Prakash Jana,2025-11-17T14:42:19Z,Limit rendering upto 16 MB in floating window,https://github.com/jarun/nnn/commit/d74f4c5a08e1959a02f45f5106fa4569b1ff1a45
jarun/nnn,https://github.com/jarun/nnn,f21d6d6,Arun Prakash Jana,2025-11-17T12:48:35Z,Fix Colemak patch break,https://github.com/jarun/nnn/commit/f21d6d6e23480bf1abd21cfda11dfa0e40b7ae15
jarun/nnn,https://github.com/jarun/nnn,0f8a039,Arun Prakash Jana,2025-11-16T20:08:21Z,Floating window more keys,https://github.com/jarun/nnn/commit/0f8a03941d04598b4a89027fa07880e9228f583c
jarun/nnn,https://github.com/jarun/nnn,c08a5a1,Arun Prakash Jana,2025-11-16T19:53:22Z,Simplify xchmod(),https://github.com/jarun/nnn/commit/c08a5a14af1f4c48d8e721c8d0dc3f4e461b9fd4
jarun/nnn,https://github.com/jarun/nnn,320c417,Arun Prakash Jana,2025-11-16T18:38:53Z,Update plugin docs for floating window usage,https://github.com/jarun/nnn/commit/320c4171ee0e9c464c8766202f69213382f88849
jarun/nnn,https://github.com/jarun/nnn,380de7c,Arun Prakash Jana,2025-11-16T18:04:02Z,Clear keys after reading plugin key,https://github.com/jarun/nnn/commit/380de7cabe54dacfb7cdb9a5172c52399d700703
jarun/nnn,https://github.com/jarun/nnn,0898cb3,Arun Prakash Jana,2025-11-16T17:46:53Z,Show filename in bold in content window,https://github.com/jarun/nnn/commit/0898cb3d43728aa428b11fb85a7455ecc5132419
jarun/nnn,https://github.com/jarun/nnn,db30dc6,Arun Prakash Jana,2025-11-16T17:28:34Z,Navigation within show_stats() for floating window,https://github.com/jarun/nnn/commit/db30dc6a9b3e60789f96f5aeb37f8b1a926ded3f
jarun/nnn,https://github.com/jarun/nnn,b7b3af2,Arun Prakash Jana,2025-11-16T15:36:47Z,Floating window traversal for command run as plugin,https://github.com/jarun/nnn/commit/b7b3af28428c8bd52d003c7c5e62e4a57a403c93
jarun/nnn,https://github.com/jarun/nnn,719bf8d,Arun Prakash Jana,2025-11-16T11:34:41Z,Exit content window on screen resize,https://github.com/jarun/nnn/commit/719bf8df4840c027c628015e3f130e6a853e203f
jarun/nnn,https://github.com/jarun/nnn,b3e7ae7,Arun Prakash Jana,2025-11-16T10:51:43Z,Refactor logic to show stats for code re-use  - a funciton to read command output into buffer - a function to show content in floating window,https://github.com/jarun/nnn/commit/b3e7ae719ae854f09dab7891d80092266e5775ec
jarun/nnn,https://github.com/jarun/nnn,8d72835,Arun Prakash Jana,2025-11-16T06:18:18Z,Show window for file stats,https://github.com/jarun/nnn/commit/8d72835640d8e3402958d503f2d844cb59590780
jarun/nnn,https://github.com/jarun/nnn,2ec3ad4,Arun Prakash Jana,2025-11-09T14:31:06Z,Merge pull request #2087 from SammyCyber/suedit  suedit plugin: prefer sudoedit over sudo and remove nonexistent -E flag for sudoedit,https://github.com/jarun/nnn/commit/2ec3ad4302dd0c08a4788953d5896a3975072fc8
jarun/nnn,https://github.com/jarun/nnn,ca54414,Arun Prakash Jana,2025-11-09T14:27:50Z,Fix #2082: upload contents to github,https://github.com/jarun/nnn/commit/ca544145662defcad40d2729e687fafd38ec561c
jarun/nnn,https://github.com/jarun/nnn,64644ec,Vedant Sule,2025-11-09T10:46:05Z,Prefer sudoedit to sudo and remove -E flag for it,https://github.com/jarun/nnn/commit/64644ec7542de8eb0d575133dad33c831989ac14
jarun/nnn,https://github.com/jarun/nnn,4f43b5c,Arun Prakash Jana,2025-11-09T03:58:29Z,Handle access outside buffer,https://github.com/jarun/nnn/commit/4f43b5cea03e604e33222ab04f27f6392bd1f3db
jarun/nnn,https://github.com/jarun/nnn,8db6abc,Arun Prakash Jana,2025-11-08T15:26:19Z,Fix #2068: handle full-width characters,https://github.com/jarun/nnn/commit/8db6abc2d844c0ddaf2f04d959e3c3f319b27a0e
jarun/nnn,https://github.com/jarun/nnn,7cc31fe,Arun Prakash Jana,2025-11-08T03:24:49Z,Enable 8 contexts by default,https://github.com/jarun/nnn/commit/7cc31fe6bb2d08c3ca0a273acae82e50850617e0
jarun/nnn,https://github.com/jarun/nnn,526e7e5,Arun Prakash Jana,2025-11-06T13:26:54Z,Fix CI break,https://github.com/jarun/nnn/commit/526e7e5419c507620d09376f4b61bf5f5db4adfd
jarun/nnn,https://github.com/jarun/nnn,5045f80,Arun Prakash Jana,2025-10-16T02:21:49Z,Merge pull request #2073 from luukvbaal/iconexec  Strip executable asterisk from iconlookup extension,https://github.com/jarun/nnn/commit/5045f80a947025427788643635f72738cdb243c3
jarun/nnn,https://github.com/jarun/nnn,f1c3d74,Luuk van Baal,2025-10-13T21:46:34Z,Strip executable asterisk from iconlookup extension,https://github.com/jarun/nnn/commit/f1c3d74afca47e12c0489ae246d9d6daf254cc66
jarun/nnn,https://github.com/jarun/nnn,590ad7d,Arun Prakash Jana,2025-10-13T15:16:18Z,Merge pull request #2072 from dertuxmalwieder/master  quitcd support for the rc shell,https://github.com/jarun/nnn/commit/590ad7d062e4fdd11d89879439e1b16facf5b182
jarun/nnn,https://github.com/jarun/nnn,9e78a91,Cthulhux,2025-10-12T22:28:05Z,quitcd support for the rc shell  https://github.com/rakitzis/rc,https://github.com/jarun/nnn/commit/9e78a911b35b52b50c90a0acd68ede472e0a9d94
jarun/nnn,https://github.com/jarun/nnn,b81109d,Arun Prakash Jana,2025-09-24T17:47:08Z,Fix #2063 - Archive mount hint for error logs,https://github.com/jarun/nnn/commit/b81109d117ebc5c35cdff2229c4feead55d6e832
jarun/nnn,https://github.com/jarun/nnn,b0bb511,Arun Prakash Jana,2025-08-09T18:10:39Z,Add a history file for native prompt,https://github.com/jarun/nnn/commit/b0bb51180c3f2e33d6d65990734b5fd78e07a35c
jarun/nnn,https://github.com/jarun/nnn,f9b956a,Arun Prakash Jana,2025-08-08T17:14:36Z,Merge pull request #2052 from beast989898/feature/ux-improvements-dragdrop  feat: Improve UX for dragdrop plugin,https://github.com/jarun/nnn/commit/f9b956af9d9844195299fc0bba14a478e5fa8bf8
jarun/nnn,https://github.com/jarun/nnn,ec3ed2f,Arun Prakash Jana,2025-08-08T17:11:23Z,Merge pull request #2054 from mneumann/fix-dragonfly  Fix build on DragonFly BSD,https://github.com/jarun/nnn/commit/ec3ed2f61eba0e84585990c7686fdc516395fd86
jarun/nnn,https://github.com/jarun/nnn,1103c72,Michael Neumann,2025-08-08T16:19:30Z,Fix build on DragonFly BSD,https://github.com/jarun/nnn/commit/1103c72a0c67134e285e7c87c4ffbd3250de6b3f
jarun/nnn,https://github.com/jarun/nnn,eff63ec,beast989898,2025-08-02T14:13:32Z,Use command directly to fix CI failure,https://github.com/jarun/nnn/commit/eff63ec462338fd7d06e80fd83930ac0e2d63530
jarun/nnn,https://github.com/jarun/nnn,55cbad4,beast989898,2025-08-02T14:02:20Z,Notification option for curl failure,https://github.com/jarun/nnn/commit/55cbad42e7a65201e453a159fc034fcc4832faff
jarun/nnn,https://github.com/jarun/nnn,4534fd3,beast989898,2025-08-02T00:32:30Z,Add show-error flag to curl,https://github.com/jarun/nnn/commit/4534fd3f0cea6573db413b7bd11c03ba72ffaf9c
jarun/nnn,https://github.com/jarun/nnn,d5985ac,beast989898,2025-08-01T23:22:15Z,"feat: Improve UX for dragdrop plugin  - Option for system notifications when downloading files from a URL. - Suppress all dragon warnings to avoid clashing with nnn's UI. - Remove unneeded backslashes from regular expression to prevent ""stray \ before /"" warnings. - Use quiet flag with grep and silent flag with curl to avoid clashing with nnn's UI. - Use curl inside if block and use show-error and fail flags to better handle download failure.",https://github.com/jarun/nnn/commit/d5985ac8054288cecca85e64e1ab3c5f77ee4334
jarun/nnn,https://github.com/jarun/nnn,5d55b4a,Arun Prakash Jana,2025-07-28T13:19:38Z,Merge pull request #2047 from TimB87/zellij-preview-tui  add zellij as a supported multiplexer,https://github.com/jarun/nnn/commit/5d55b4af6b3b362bf598ef2426d030b8b9b45f40
jarun/nnn,https://github.com/jarun/nnn,f103828,Tim Biermann,2025-07-26T13:40:23Z,add zellij as a supported multiplexer,https://github.com/jarun/nnn/commit/f1038285e278783ab340f3864f06456723830017
jarun/nnn,https://github.com/jarun/nnn,4ba5a1f,Arun Prakash Jana,2025-06-14T03:54:26Z,Fix build break,https://github.com/jarun/nnn/commit/4ba5a1f797e7997a150dcf80fd263a1f94b99a3f
jarun/nnn,https://github.com/jarun/nnn,850fe60,Arun Prakash Jana,2025-06-09T15:56:28Z,Merge pull request #2039 from N-R-K/shellcheck  fix and ignore some shellcheck warnings,https://github.com/jarun/nnn/commit/850fe600b178e964a807305f5869e8c39732d42b
jarun/nnn,https://github.com/jarun/nnn,0be157f,NRK,2025-06-09T14:14:34Z,fix and ignore some shellcheck warnings,https://github.com/jarun/nnn/commit/0be157ff48fcf521532a4fbe19a3cbbcb4f1b608
jarun/nnn,https://github.com/jarun/nnn,e7425d8,Arun Prakash Jana,2025-06-02T17:57:24Z,Merge pull request #2038 from ojio-san/faster-open-by-extension  nuke plugin - Faster handle files files by extension,https://github.com/jarun/nnn/commit/e7425d8e157ce5631c6b6408b1d110307cafe4fa
jarun/nnn,https://github.com/jarun/nnn,dde7a6c,ojio-san,2025-06-02T14:48:18Z,"nuke plugin - Faster handle files files by extension  - If we're going to handle the file by extension : don't check mimetype first. The mimetype is not necessary in that use case, and may be costly in a slow connection and/or over wifi.  - If we don't handle by extension, mime type will be checked anyway (after handling by extension)",https://github.com/jarun/nnn/commit/dde7a6c588d1484ad753762689c9aea52f8df8d1
jarun/nnn,https://github.com/jarun/nnn,a7249e3,Arun Prakash Jana,2025-06-01T05:16:09Z,Fix lint break,https://github.com/jarun/nnn/commit/a7249e3e56fafd630031d1c68fe795e94f013e90
jarun/nnn,https://github.com/jarun/nnn,0decc02,Arun Prakash Jana,2025-06-01T05:09:44Z,Move CircleCI to Ubuntu 24.04,https://github.com/jarun/nnn/commit/0decc02cec7c1c6d7fb528ec3c691ae878989513
jarun/nnn,https://github.com/jarun/nnn,fe6c05c,Arun Prakash Jana,2025-05-30T14:13:48Z,Ignore false lint error,https://github.com/jarun/nnn/commit/fe6c05c906bc1f78ad830db49e4b41f0e11882c8
jarun/nnn,https://github.com/jarun/nnn,e362117,Arun Prakash Jana,2025-05-27T13:18:22Z,Merge pull request #2035 from Juneezee/add-cts-mjs-icons  Add icon for CommonJS and ES Modules,https://github.com/jarun/nnn/commit/e362117c88a6f17a00ec73d0715161bc8c984bc6
jarun/nnn,https://github.com/jarun/nnn,b4d823f,Eng Zer Jun,2025-05-23T15:34:12Z,Add icon for CommonJS and ES Modules  Signed-off-by: Eng Zer Jun <engzerjun@gmail.com>,https://github.com/jarun/nnn/commit/b4d823fa2a77a556857beee67baa0347f3295034
jarun/nnn,https://github.com/jarun/nnn,eb1f055,Arun Prakash Jana,2025-05-04T13:14:40Z,Add checks for return values,https://github.com/jarun/nnn/commit/eb1f05504023afbe115fc366b3455b6971e7bdc5
jarun/nnn,https://github.com/jarun/nnn,812d6b6,Arun Prakash Jana,2025-05-04T08:05:24Z,Update README,https://github.com/jarun/nnn/commit/812d6b6d43340bf6cd87be621838ea0db54d7793
jarun/nnn,https://github.com/jarun/nnn,fe87551,Arun Prakash Jana,2025-05-04T07:51:01Z,"Support PCRE2, remove PCRE1 support (no longer being developed)  To compile-in:      make O_PCRE2=1",https://github.com/jarun/nnn/commit/fe87551742b679f2adc2d912ba0ecf3bb9987a8e
jarun/nnn,https://github.com/jarun/nnn,2fbf5f0,Arun Prakash Jana,2025-05-03T17:42:23Z,Use a macro for onscreen,https://github.com/jarun/nnn/commit/2fbf5f0da302f9861f82fcbd86ba7bbe8dbc0202
jarun/nnn,https://github.com/jarun/nnn,ba8d077,Arun Prakash Jana,2025-05-03T17:02:51Z,Fix scroll down arrow indicator not showing when down arrow is pressed with filter,https://github.com/jarun/nnn/commit/ba8d077c5c201bac98d8652ba5fc5cae9d00a700
jarun/nnn,https://github.com/jarun/nnn,eacdf5a,Arun Prakash Jana,2025-05-03T16:31:13Z,Minor changes in show filter info,https://github.com/jarun/nnn/commit/eacdf5ad74651c8cfa80521898f64cf0b7b48960
jarun/nnn,https://github.com/jarun/nnn,1c14d2b,Arun Prakash Jana,2025-05-03T13:48:26Z,Auto-complete hovered file name on `TAB` at the end of prompt input,https://github.com/jarun/nnn/commit/1c14d2bb0418a758f66d8a9149161ca534fefbb1
jarun/nnn,https://github.com/jarun/nnn,9a2bfc0,Arun Prakash Jana,2025-03-23T05:21:57Z,Revert Haiku variety,https://github.com/jarun/nnn/commit/9a2bfc0f1fe4025a558ad0e1e859a946709498fb
jarun/nnn,https://github.com/jarun/nnn,125f4b3,Arun Prakash Jana,2025-03-23T04:58:22Z,Prepare for release v5.1 Moscow Mule,https://github.com/jarun/nnn/commit/125f4b355849bf51a2e032926101f05e5df66ef2
jarun/nnn,https://github.com/jarun/nnn,3d13c7c,Arun Prakash Jana,2025-03-14T23:19:16Z,Fix #2010: Count from selection file when nselected is 0,https://github.com/jarun/nnn/commit/3d13c7cb41bc3d7edb78b24eefc555636cd343d9
jarun/nnn,https://github.com/jarun/nnn,234b60a,Arun Prakash Jana,2025-03-07T16:03:48Z,Merge pull request #2006 from MatthiasKunnen/desktop-exec  Explicitly declare support for opening a path,https://github.com/jarun/nnn/commit/234b60a89797df43592d9a11e88e1aff9ad5d1a8
jarun/nnn,https://github.com/jarun/nnn,030cee1,Matthias Kunnen,2025-02-27T05:53:09Z,"Explicitly support opening directories  Without the field code, application launchers are not sure if starting nnn with a path argument is allowed.  See https://specifications.freedesktop.org/desktop-entry-spec/latest/exec-variables.html",https://github.com/jarun/nnn/commit/030cee165fd23d3ebd0a1600ad0eab6d14651082
jarun/nnn,https://github.com/jarun/nnn,8f46575,Arun Prakash Jana,2025-02-23T08:56:02Z,Show current entry in reversed bold,https://github.com/jarun/nnn/commit/8f465752d9f5d1efde1cf4a895e5c3145529978a
jarun/nnn,https://github.com/jarun/nnn,489c1c0,Arun Prakash Jana,2025-02-23T05:00:14Z,Update man page,https://github.com/jarun/nnn/commit/489c1c08105118e8f7162bfe6d083819baa528bd
jarun/nnn,https://github.com/jarun/nnn,dfdef9d,Arun Prakash Jana,2025-02-22T17:27:14Z,Merge pull request #2004 from MatthiasKunnen/sort-usage  Document sort actions,https://github.com/jarun/nnn/commit/dfdef9d719683752a8b0d43e3f15f89ac84a821f
jarun/nnn,https://github.com/jarun/nnn,272ecc2,Matthias Kunnen,2025-02-19T03:22:34Z,Improve sort order documentation  - Document sort order in the man page - Fix typo in zsh completion - Explain sort order options in fish completions,https://github.com/jarun/nnn/commit/272ecc2f7115da771312b9c3e92328841e927628
jarun/nnn,https://github.com/jarun/nnn,1976cad,Arun Prakash Jana,2025-02-10T12:48:59Z,Merge pull request #1997 from psicho2000/feat/improve-autojump  feat: improve autojump,https://github.com/jarun/nnn/commit/1976cad3259e86aa4bc1e9aaa25fd451985020e4
jarun/nnn,https://github.com/jarun/nnn,e0ed6c8,Markus Meier,2025-02-09T10:12:44Z,use small letters,https://github.com/jarun/nnn/commit/e0ed6c827faa5c9bff230dfd7528003878b394a5
jarun/nnn,https://github.com/jarun/nnn,f04a889,Markus Meier,2025-02-09T08:42:28Z,docs: do not documente trivial tools,https://github.com/jarun/nnn/commit/f04a88934e68f91734d85ac604a2460fa7ec48e9
jarun/nnn,https://github.com/jarun/nnn,3f54351,Markus Meier,2025-02-08T18:54:29Z,format: break long line,https://github.com/jarun/nnn/commit/3f543513bf93598ee408722215befb2c6efed542
jarun/nnn,https://github.com/jarun/nnn,b03d0b7,Markus Meier,2025-02-08T18:07:15Z,feat: delegate selection logic to fzf,https://github.com/jarun/nnn/commit/b03d0b713e09b01ba0f20f69ce2bee968f76bbf7
jarun/nnn,https://github.com/jarun/nnn,c8435a5,Markus Meier,2025-02-08T17:28:08Z,format: fix whitespace,https://github.com/jarun/nnn/commit/c8435a5efd0331366a4cd21d254fc50bf4cbe63a
jarun/nnn,https://github.com/jarun/nnn,f02c01e,Markus Meier,2025-02-07T18:14:30Z,improve readability of input,https://github.com/jarun/nnn/commit/f02c01e40ca006e66287b5ea9400742cb506d443
jarun/nnn,https://github.com/jarun/nnn,af9bfd3,Arun Prakash Jana,2025-02-05T12:47:14Z,Merge pull request #1994 from psicho2000/fix/paste-from-wsl  fix/paste from wsl,https://github.com/jarun/nnn/commit/af9bfd370faa90966cc75a93feceec7cb5bb2321
jarun/nnn,https://github.com/jarun/nnn,aae7d39,Markus Meier,2025-02-04T20:03:08Z,fix: remove carriage return in WSL,https://github.com/jarun/nnn/commit/aae7d399b9449bc30aa8088d5b2191d5f6b73390
jarun/nnn,https://github.com/jarun/nnn,9a128f1,Arun Prakash Jana,2025-02-03T16:50:51Z,Merge pull request #1990 from psicho2000/fix/use-command-flags  fix: enable flags for NNN_PREVIEWIMGPROG,https://github.com/jarun/nnn/commit/9a128f133f2f4191b4ab1458edc93a363436d188
jarun/nnn,https://github.com/jarun/nnn,7b11751,Arun Prakash Jana,2025-02-03T16:50:21Z,Merge pull request #1989 from psicho2000/feat/preview-via-jq  Use jq to preview json if installed,https://github.com/jarun/nnn/commit/7b117518211571cf8bf27b04b0c4f5f7a09699f4
jarun/nnn,https://github.com/jarun/nnn,91cf949,Arun Prakash Jana,2025-02-03T16:49:29Z,Merge pull request #1988 from psicho2000/feat/maximize-lowdown  Allow lowdown to use complete terminal width,https://github.com/jarun/nnn/commit/91cf9495bfe06ab6901c28f98cddfd42067738f7
jarun/nnn,https://github.com/jarun/nnn,9e3be00,Markus Meier,2025-02-02T23:07:05Z,feat: show errors in x2sel,https://github.com/jarun/nnn/commit/9e3be00851ee670a76ec4ced82f973091a7c9cbd
jarun/nnn,https://github.com/jarun/nnn,3f34bbf,Markus Meier,2025-02-02T13:23:42Z,fix: enable flags for NNN_PREVIEWIMGPROG,https://github.com/jarun/nnn/commit/3f34bbfe662cdb9c9a8c70f8a974df4c62c30997
jarun/nnn,https://github.com/jarun/nnn,7fe13b0,Markus Meier,2025-02-02T13:02:32Z,Use jq to preview json if installed,https://github.com/jarun/nnn/commit/7fe13b07eb2b22c6c7e11657f437376f6c60e25e
jarun/nnn,https://github.com/jarun/nnn,5c0fe2a,Markus Meier,2025-02-02T12:52:07Z,Allow lowdown to use complete terminal width,https://github.com/jarun/nnn/commit/5c0fe2a85cbd18fba98fa69ba10def069e524b8e
jarun/nnn,https://github.com/jarun/nnn,62c84dd,Arun Prakash Jana,2025-01-27T16:44:06Z,Merge pull request #1987 from N-R-K/ci-fix  fix ci,https://github.com/jarun/nnn/commit/62c84dd2549770e15c70328863a63da4fd2da2f9
jarun/nnn,https://github.com/jarun/nnn,2c7b1a9,Arun Prakash Jana,2025-01-27T16:43:42Z,Merge pull request #1985 from psicho2000/master  Allow lowdown to use complete terminal width,https://github.com/jarun/nnn/commit/2c7b1a97c0a779a8bcf8070abd057ab976bc2b14
jarun/nnn,https://github.com/jarun/nnn,7829527,NRK,2025-01-27T16:05:19Z,fix ci  libreadline doesn't seem to be preinstalled on the new ubuntu image.  Closes: https://github.com/jarun/nnn/issues/1986,https://github.com/jarun/nnn/commit/78295275625c9f5a6b802a678dbf85263dbc99ab
jarun/nnn,https://github.com/jarun/nnn,48bc670,psicho2000,2025-01-27T14:52:27Z,Allow lowdown to use complete terminal width,https://github.com/jarun/nnn/commit/48bc670cac104266395d389f1ddecbd5945be37d
jarun/nnn,https://github.com/jarun/nnn,f0732fe,Arun Prakash Jana,2025-01-12T03:17:30Z,Update copyright year,https://github.com/jarun/nnn/commit/f0732fef0c482c8dc686cc40569159cd478362db
jarun/nnn,https://github.com/jarun/nnn,c022a02,Arun Prakash Jana,2025-01-12T03:12:55Z,Merge pull request #1982 from BeyondMagic/master  fix(quitcd.nu): specify signature in/out of command,https://github.com/jarun/nnn/commit/c022a02493c1f3d921182f5079ecc7adfa4bbb71
jarun/nnn,https://github.com/jarun/nnn,c2d21c3,João F. (BeyondMagic/koetemagie),2025-01-12T02:24:17Z,"fix(quitcd.nu): specify signature in/out of command  Nushell 0.10.1 introduces [stricter command signature parsing](https://www.nushell.sh/blog/2024-12-24-nushell_0_101_0.html#stricter-command-signature-parsing-toc), causing error upon importing this module.",https://github.com/jarun/nnn/commit/c2d21c30fbd11c9b2ab07f555e4be30e963e98d5
jarun/nnn,https://github.com/jarun/nnn,fc86399,Arun Prakash Jana,2025-01-11T05:04:32Z,Fix badge,https://github.com/jarun/nnn/commit/fc86399f29b06647b0ce88c5233c34dca0c3a734
jarun/nnn,https://github.com/jarun/nnn,1d41fe3,Arun Prakash Jana,2025-01-06T13:21:16Z,Merge pull request #1981 from N-R-K/misc-changes  misc changes,https://github.com/jarun/nnn/commit/1d41fe34f33ec6c13dd37f73ec625ae3ec82b0bc
jarun/nnn,https://github.com/jarun/nnn,1cc021e,Arun Prakash Jana,2025-01-06T13:20:15Z,Merge pull request #1980 from N-R-K/cppcheck  ci: add cppcheck for static analysis,https://github.com/jarun/nnn/commit/1cc021e99c12c9596c910196730a863f8434e233
jarun/nnn,https://github.com/jarun/nnn,a482bec,Arun Prakash Jana,2025-01-06T13:14:25Z,Merge pull request #1979 from 0fflineuser/master  Follow symlink in fzplug plugin.,https://github.com/jarun/nnn/commit/a482becc75aa663f12993193b02993cae0bc768f
jarun/nnn,https://github.com/jarun/nnn,e131f5f,Arun Prakash Jana,2025-01-06T13:12:01Z,Merge pull request #1970 from doremiyeon/filter_function_restore_on_session_load  filter function restore on session load,https://github.com/jarun/nnn/commit/e131f5f32b92d21e97c76e71129486ae31a596d8
jarun/nnn,https://github.com/jarun/nnn,6a9bf20,NRK,2025-01-05T22:20:00Z,"don't feed unchecked fd to dup2()  the open() might fail and then dup2 will be called with -1 fd. clang-tidy complains about this. just open ""/dev/null"" once at program startup, check the result, and then reuse that fd throughout.",https://github.com/jarun/nnn/commit/6a9bf206cfe09ef7d9121cd6c87b345d44d48a43
jarun/nnn,https://github.com/jarun/nnn,9d33ba1,NRK,2025-01-05T21:55:06Z,icons-hash: table needs to be strictly bigger than icons,https://github.com/jarun/nnn/commit/9d33ba1104b390256f72f8203212720b95447b38
jarun/nnn,https://github.com/jarun/nnn,94bac4e,NRK,2025-01-05T19:40:33Z,shell_escape: return strlen or -1 on failure  also check for `outlen < 3` since the function unconditionally writes at least 3 bytes.,https://github.com/jarun/nnn/commit/94bac4ef986aed99cfc88963d6a429dce2c89058
jarun/nnn,https://github.com/jarun/nnn,371eeb7,NRK,2022-06-19T18:02:17Z,ci: add cppcheck for static analysis,https://github.com/jarun/nnn/commit/371eeb7176f565ee3ce24f0f17a4591a7a4b6509
jarun/nnn,https://github.com/jarun/nnn,1cf9654,NRK,2023-11-22T17:55:28Z,remove malloc casting,https://github.com/jarun/nnn/commit/1cf9654368c79b013b8b77f26c89f2e078dacc51
jarun/nnn,https://github.com/jarun/nnn,a0c06d0,NRK,2025-01-05T19:17:18Z,xstrsncpy: allow 0 len copies to be no-ops,https://github.com/jarun/nnn/commit/a0c06d0843a7dd8c8e2603913cd0d33c1efa78ea
jarun/nnn,https://github.com/jarun/nnn,a9093c6,k-pop connoisseur,2024-12-15T04:24:52Z,switch filterfn on ctx changes  this should fix more crashes related to switching between contexts with different types of filters active. particularly when switching from a regex filtered context to a string filtered one.,https://github.com/jarun/nnn/commit/a9093c6dd17727ab09c711d29435173818fc44ba
jarun/nnn,https://github.com/jarun/nnn,18dff24,k-pop connoisseur,2024-12-15T02:46:28Z,"on session load, restore correct filter function",https://github.com/jarun/nnn/commit/18dff24acc97e70aa3fcb7d989baef18f939ce4d
jarun/nnn,https://github.com/jarun/nnn,c0457a2,0fflineuser,2025-01-05T17:52:48Z,Follow symlink in fzplug plugin.,https://github.com/jarun/nnn/commit/c0457a2492b1f7f35412ebc6abaea3e9d8996911
jarun/nnn,https://github.com/jarun/nnn,da73d9a,Arun Prakash Jana,2025-01-05T16:45:56Z,Merge pull request #1971 from doremiyeon/xreadline_by_word_movement  xreadline by word movement,https://github.com/jarun/nnn/commit/da73d9ada93788bad37eb4648dfa2a0ac92c56ed
jarun/nnn,https://github.com/jarun/nnn,e59b83d,Arun Prakash Jana,2025-01-05T16:41:41Z,Merge pull request #1978 from N-R-K/custom-trashcmd  add support for custom trash command,https://github.com/jarun/nnn/commit/e59b83d4d95107f5eb632849bdc15c43c2d0852b
jarun/nnn,https://github.com/jarun/nnn,d07dde5,NRK,2025-01-04T16:12:22Z,fix patch,https://github.com/jarun/nnn/commit/d07dde54ae6fc285af2ee17383632ebdb85bcb46
jarun/nnn,https://github.com/jarun/nnn,e787ae4,NRK,2025-01-04T14:19:28Z,"add support for custom trash command  this makes it so that if $NNN_TRASH is set to a string other than ""1"" or ""2"" then it is accepted as the trash command to run.  this allows us to support arbritary trashing utilities while also maintaining backwards compatibility for older ""1"" & ""2"" values.  Fixes: https://github.com/jarun/nnn/issues/1168 Fixes: https://github.com/jarun/nnn/discussions/1963 Fixes: https://github.com/jarun/nnn/discussions/1960 Fixes: https://github.com/jarun/nnn/discussions/1761",https://github.com/jarun/nnn/commit/e787ae4501f53e0dddbfeed00c1d3bb8ade21cda
jarun/nnn,https://github.com/jarun/nnn,5522292,Arun Prakash Jana,2024-12-19T16:48:04Z,Merge pull request #1973 from peter15914/fix-abspath-retval  Check NULL from abspath(),https://github.com/jarun/nnn/commit/5522292014a58fa6297399516730e795f7e2e0f0
jarun/nnn,https://github.com/jarun/nnn,a238613,Peter Zmanovsky,2024-12-19T07:26:32Z,Check NULL from abspath()  abspath() returns NULL in some cases and its return value is always checked for NULL.,https://github.com/jarun/nnn/commit/a23861332aad80bc62a1552d7fe2d081b2a40999
jarun/nnn,https://github.com/jarun/nnn,ef6e00c,Arun Prakash Jana,2024-12-18T19:09:16Z,Merge pull request #1972 from thermosflasche/patch-1  fix: Lock threads,https://github.com/jarun/nnn/commit/ef6e00c85cfc24f59382bce460d98e946820b3cf
jarun/nnn,https://github.com/jarun/nnn,b6abe95,Bruno Tendler,2024-12-17T19:53:30Z,fix: Lock threads,https://github.com/jarun/nnn/commit/b6abe95870bda22967a325e3b6c78e3323dc5b99
jarun/nnn,https://github.com/jarun/nnn,942afdf,NRK,2024-12-16T14:45:37Z,"make Ctrl+w in xreadline similar to readline's  when there's multiple spaces, the previous logic didn't erase them, e.g:      a word   |   < before     a word  |    < after Ctrl-w  this patch brings the behavior closer to readline's:      a word   |   < before     a |          < after Ctrl-w  this also slightly changes the behavior since '/' is no longer considered a boundary.",https://github.com/jarun/nnn/commit/942afdf4454743be6065e022fc31271c75c0f01c
jarun/nnn,https://github.com/jarun/nnn,d6b1b80,k-pop connoisseur,2024-12-11T00:41:01Z,"extend xreadline() with some by-word movement  added M-b, M-f, M-d, M-bspc according to GNU readline specifications.",https://github.com/jarun/nnn/commit/d6b1b80e40b39adf1871fe8d1c18a370961efdef
jarun/nnn,https://github.com/jarun/nnn,f87104d,Arun Prakash Jana,2024-12-13T15:40:01Z,Merge pull request #1969 from doremiyeon/us1968_session_restore_fix  fix 's r' session restore #1968,https://github.com/jarun/nnn/commit/f87104dd40f5e50fa389696190000a166ba7ebd3
jarun/nnn,https://github.com/jarun/nnn,395068d,k-pop connoisseur,2024-12-13T00:55:57Z,fix 's r' session restore #1968,https://github.com/jarun/nnn/commit/395068dac8407d8ed39864727ca192e5490a48cf
jarun/nnn,https://github.com/jarun/nnn,5e5a17f,Arun,2024-12-03T22:21:47Z,Merge pull request #1965 from smithbh/master  Fixes typo in man doc,https://github.com/jarun/nnn/commit/5e5a17f9548f3267b94263c6ac6466456d6c3d06
jarun/nnn,https://github.com/jarun/nnn,80316c2,Brandon Smith,2024-12-03T20:33:58Z,Merge branch 'jarun:master' into master,https://github.com/jarun/nnn/commit/80316c2b8cf9a33c625bd50ecce0c9db0c350377
jarun/nnn,https://github.com/jarun/nnn,0f2a932,Brandon Smith,2024-12-03T20:29:43Z,Fixes typo in man doc  - Previous commit accidentally removed the formatting character.  Signed-off-by: Brandon Smith <smithbh@me.com>,https://github.com/jarun/nnn/commit/0f2a932434390e15f654cf4fc5d6ae4d673d18ee
jarun/nnn,https://github.com/jarun/nnn,575c8d9,Arun,2024-12-02T15:10:32Z,Merge pull request #1962 from wassup05/gpgs-gpgv  adds plugins gpgs and gpgv,https://github.com/jarun/nnn/commit/575c8d9065228789fa07029b01284f15c64c8b44
jarun/nnn,https://github.com/jarun/nnn,a5bf6e9,Brandon Smith,2024-11-30T23:47:40Z,Fixes minor typo  Signed-off-by: Brandon Smith <smithbh@me.com>,https://github.com/jarun/nnn/commit/a5bf6e930a085de584dbc06c0bdee9ebfae0bd2c
jarun/nnn,https://github.com/jarun/nnn,3c43564,supritsj@Arch,2024-11-26T13:59:10Z,"use ""xarg -0"" instead of trim",https://github.com/jarun/nnn/commit/3c4356418238157e80135b41af892c6bcfd2b060
jarun/nnn,https://github.com/jarun/nnn,1e1abdf,supritsj@Arch,2024-11-26T09:44:43Z,added plugins gpgs and gpgv,https://github.com/jarun/nnn/commit/1e1abdfb31d5df93e1304fb9e388742fa129548f
jarun/nnn,https://github.com/jarun/nnn,3ca56e3,Arun,2024-11-15T04:46:29Z,Merge pull request #1956 from roygbyte/doc/du-mode  Use consistent language for disk mode in manual,https://github.com/jarun/nnn/commit/3ca56e3430807805844800c36d9f69294b17b10d
jarun/nnn,https://github.com/jarun/nnn,2504a04,Scarlett McAllister,2024-11-14T15:21:13Z,Use consistent language for disk mode in manual,https://github.com/jarun/nnn/commit/2504a04dddfd8037d7b5fb825b67f67b33b04e23
jarun/nnn,https://github.com/jarun/nnn,9db87a7,Arun,2024-11-12T04:47:12Z,Merge pull request #1953 from N-R-K/fix-fortify-abortion  fix crash under _FORTIFY_SOURCE,https://github.com/jarun/nnn/commit/9db87a782c92cfb1e43ad93224371352eee43f71
jarun/nnn,https://github.com/jarun/nnn,43c69ab,NRK,2024-11-11T20:04:38Z,"fix crash under _FORTIFY_SOURCE  when built with _FORTIFY_SOURCE it will check whether the buffer has as much space as the argument passed to snprintf:  	https://github.com/bminor/glibc/blob/7b544224f82d20019f9b28522ebf8114a372d1a2/debug/snprintf_chk.c#L28-L29  this results in some false positives when the snprintf provided len argument is bigger than the buffer size (but the result would have fit into the buffer anyways).  fix this by passing the proper size to snprintf as argument. (the +1 len isn't necessary, but add it just in case.)  Fixes: https://github.com/jarun/nnn/issues/1931",https://github.com/jarun/nnn/commit/43c69abbacf2617163c50516871d570ecdeffd84
jarun/nnn,https://github.com/jarun/nnn,d17df60,Desmond Kabus,2024-11-08T15:44:36Z,O_EMOJI: Add more emoji icons (#1950),https://github.com/jarun/nnn/commit/d17df60c4ae79c104bbacfc771646a762cacd45e
jarun/nnn,https://github.com/jarun/nnn,ab375de,Arun Prakash Jana,2024-11-05T16:06:54Z,Suffix the current context with * in help,https://github.com/jarun/nnn/commit/ab375de72540a04c34f901d81720d565016fb2e1
jarun/nnn,https://github.com/jarun/nnn,f762b3d,Arun,2024-11-05T01:00:54Z,Merge pull request #1948 from babbaj/fix-sigpipe  restore sigpipe handler in plugin child processes,https://github.com/jarun/nnn/commit/f762b3dc0c40d854e7e1a7449155816bc19bed17
jarun/nnn,https://github.com/jarun/nnn,b67c7d7,Babbaj,2024-11-05T00:04:47Z,restore sigpipe handler in plugin child processes,https://github.com/jarun/nnn/commit/b67c7d71e682c7cb2320c5a1282bffdca6d47d82
jarun/nnn,https://github.com/jarun/nnn,877d7c0,Arun,2024-10-24T14:19:48Z,Merge pull request #1946 from N-R-K/lzip  add icon for lzip files,https://github.com/jarun/nnn/commit/877d7c06876287930e03e232dd0b0167cadd9abd
jarun/nnn,https://github.com/jarun/nnn,1876e4c,NRK,2024-08-03T16:17:54Z,add icon for lzip files,https://github.com/jarun/nnn/commit/1876e4cc10b6ed74daf717601a55e0999dd44229
jarun/nnn,https://github.com/jarun/nnn,614ebe7,Arun Prakash Jana,2024-10-02T14:37:34Z,Fix patch break,https://github.com/jarun/nnn/commit/614ebe73fa3250dfbdbf5f4a8dc0150ef239236a
jarun/nnn,https://github.com/jarun/nnn,1a849f1,Arun Prakash Jana,2024-10-02T14:17:55Z,Show session name in help,https://github.com/jarun/nnn/commit/1a849f1847a989b13c6b8623b128734689323128
jarun/nnn,https://github.com/jarun/nnn,00fb7b6,Arun Prakash Jana,2024-10-02T14:07:38Z,Add option to show (non-aut) current session name while saving,https://github.com/jarun/nnn/commit/00fb7b6f6b6cf8e4b0936ba972a0943f7da4382b
jarun/nnn,https://github.com/jarun/nnn,0c4a4e2,Arun Prakash Jana,2024-09-29T11:40:59Z,Add support for 16 prompt commands history,https://github.com/jarun/nnn/commit/0c4a4e2b2160787016006c3b5112c3d3b4f67390
jarun/nnn,https://github.com/jarun/nnn,6b15af2,Arun Prakash Jana,2024-09-24T14:30:22Z,Show F for filter mode when not active,https://github.com/jarun/nnn/commit/6b15af2be52880da84e647bf2935db56f58b11a6
jarun/nnn,https://github.com/jarun/nnn,e7b0974,Arun Prakash Jana,2024-09-24T11:26:11Z,Address lint reports,https://github.com/jarun/nnn/commit/e7b097455101377f5ede05c7966886acc8303786
jarun/nnn,https://github.com/jarun/nnn,2bb76a0,Arun,2024-09-24T11:19:27Z,Merge pull request #1937 from amalgame21/type-to-nav-indicator  Indicate type-to-nav mode with symbol F,https://github.com/jarun/nnn/commit/2bb76a0e38d0c2ad3b742609bc77fa7e119c7c00
jarun/nnn,https://github.com/jarun/nnn,c291932,amalgame21,2024-09-24T09:47:04Z,indicate type-to-nav mode (with symbol F) after pressing ESC in type-to-nav mode,https://github.com/jarun/nnn/commit/c291932d87cd810d68b6c5d93810af1795c873ed
jarun/nnn,https://github.com/jarun/nnn,b9ff745,Arun,2024-09-23T22:19:49Z,Merge pull request #1935 from kovmir/fix-terminal-priority  Do not default to `xterm`,https://github.com/jarun/nnn/commit/b9ff745fd24c046dc8e15a91b9c885ec2a76ca3d
jarun/nnn,https://github.com/jarun/nnn,28c8504,Ivan Kovmir,2024-09-20T10:18:52Z,"Do not default to `xterm`  It makes more sense to default to the terminals people are less likely to have. If a user has `xterm` installed, then that is, most probably, because it ships with X11. Whereas if a user has `st` or `alacritty` instlled, then that is because he/she chose to install it.",https://github.com/jarun/nnn/commit/28c85043a0992fbc37d41ae843f435cf3a837d02
jarun/nnn,https://github.com/jarun/nnn,07a972a,Arun,2024-09-15T17:05:37Z,Merge pull request #1930 from danielb2/patch-1  Have NNN_PREVIEWIMGPROG accept a generic command for preview-tui,https://github.com/jarun/nnn/commit/07a972a4856116db728f63a32df7f2a8253c718c
jarun/nnn,https://github.com/jarun/nnn,aa04d63,Luuk van Baal,2024-09-15T14:04:37Z,change and document variable expansion,https://github.com/jarun/nnn/commit/aa04d6370bcd2745252bf82b9e7cbdef2c98a1d5
jarun/nnn,https://github.com/jarun/nnn,7571d17,Daniel Bretoi,2024-09-15T04:45:29Z,add uberzug back,https://github.com/jarun/nnn/commit/7571d172aa46cfe9820f99f7e8686fe30aaeead9
jarun/nnn,https://github.com/jarun/nnn,ef1ef56,Daniel Bretoi,2024-09-15T04:43:38Z,make image preview more generic,https://github.com/jarun/nnn/commit/ef1ef5646118bbb76978636033483b27381743f7
jarun/nnn,https://github.com/jarun/nnn,d85c23c,Daniel Bretoi,2024-09-13T05:15:18Z,"Update preview-tui  make NNN_PREVIEWIMGPROG flexible enough to accept any program. programs like `timg` would also work (my preference), but it seems odd to add every single program out there when it's easy to add new ones by just this one variable",https://github.com/jarun/nnn/commit/d85c23c433cd5ff07fc5a1d5210d1d63a608a572
jarun/nnn,https://github.com/jarun/nnn,251843f,Arun,2024-09-10T16:53:44Z,Merge pull request #1928 from s-hamann/fix-musl-build  Fix implicit function declaration strcasecmp,https://github.com/jarun/nnn/commit/251843fe65189b7ac56f0bea208e7a03d92b2c81
jarun/nnn,https://github.com/jarun/nnn,492a04d,black,2024-09-09T11:58:55Z,"Fix implicit function declaration strcasecmp  icons-hash.c uses strcasecmp from strings.h, but does not include it. At least when building against musl with gcc 15, this is a fatal error.",https://github.com/jarun/nnn/commit/492a04d47d11add232bc85d32c31e3f14b8be3f6
jarun/nnn,https://github.com/jarun/nnn,14fef03,Arun Prakash Jana,2024-08-26T13:29:39Z,Revert Haiku variety,https://github.com/jarun/nnn/commit/14fef0323dffefac8d6358f5991fdb63a4355915
jarun/nnn,https://github.com/jarun/nnn,bdb1a64,Arun Prakash Jana,2024-08-26T13:17:23Z,Prepare for release v5.0 Daiquiri,https://github.com/jarun/nnn/commit/bdb1a643038bae0c3467a701a33b8ba5fbf07841
jarun/nnn,https://github.com/jarun/nnn,48d986f,Arun Prakash Jana,2024-08-26T13:09:23Z,Update copyright year,https://github.com/jarun/nnn/commit/48d986f7064a5a66c887483083287132e88ad23e
jarun/nnn,https://github.com/jarun/nnn,b170298,Arun Prakash Jana,2024-08-25T13:07:13Z,Use string literal for NUL,https://github.com/jarun/nnn/commit/b170298371e8c19f9c13b8e82cbdb3953a486e04
jarun/nnn,https://github.com/jarun/nnn,ddbd15f,Arun Prakash Jana,2024-08-25T04:42:52Z,Update patches,https://github.com/jarun/nnn/commit/ddbd15f7fddd92ac4758b2bfc01883bd9da62bcb
jarun/nnn,https://github.com/jarun/nnn,7def65f,Arun Prakash Jana,2024-08-25T04:00:59Z,Add option -0 to use null separator for file paths in picker mode,https://github.com/jarun/nnn/commit/7def65fc0210ef8c4697af4abfeb583ff765ec9d
jarun/nnn,https://github.com/jarun/nnn,a2deaf5,Arun Prakash Jana,2024-08-14T00:26:12Z,rm improvements - show name of the hovered file to be removed - show number of selected files to be removed,https://github.com/jarun/nnn/commit/a2deaf57f310518855160eb8f8363c532b1b611d
jarun/nnn,https://github.com/jarun/nnn,0fb4ed5,Arun Prakash Jana,2024-08-13T23:35:32Z,rm improvements: - log removed filename - cancel on 'n' or 'N',https://github.com/jarun/nnn/commit/0fb4ed5093eb84aac57f4dff0f8e267892860af7
jarun/nnn,https://github.com/jarun/nnn,9b33c49,Sijmen J. Mulder,2024-07-16T17:56:58Z,"Replace use of dprintf() with fprintf() or write()  This improves compatibility with legacy platforms that don't provide the function, in particular, Illumos.",https://github.com/jarun/nnn/commit/9b33c49f682512d240b29fde8ffca28e4734d821
jarun/nnn,https://github.com/jarun/nnn,9fc320d,Arun,2024-07-27T06:18:04Z,Merge pull request #1917 from N-R-K/upload  plugins/upload: remove inactive services,https://github.com/jarun/nnn/commit/9fc320d56ed8b8e7d0533fe00b7bdad627a97fda
jarun/nnn,https://github.com/jarun/nnn,27e032f,NRK,2024-07-25T20:57:25Z,plugins/upload: remove inactive services  this removes ix.io and ffsend since they are no longer active.  binary files are uploaded to file.io as before. selections are now tar-balled and uploaded to file.io.  text files are uploaded to 0x0.st  Closes: https://github.com/jarun/nnn/pull/1900,https://github.com/jarun/nnn/commit/27e032fc96354711ee39bd7fa1520901fb6a3c05
jarun/nnn,https://github.com/jarun/nnn,86d883e,Arun,2024-06-23T15:04:01Z,Merge pull request #1898 from a-gruzdev/dirs-context-color-fix  dirs in context color fix,https://github.com/jarun/nnn/commit/86d883eee4986c7125bd77415e1a9b6b94e6bb83
jarun/nnn,https://github.com/jarun/nnn,f7cacae,Aleksandr,2024-06-22T10:52:32Z,dirs in context color fix,https://github.com/jarun/nnn/commit/f7cacaee5c8cac5e97d30ec98036afe176bd62c6
jarun/nnn,https://github.com/jarun/nnn,90eb2d3,Arun,2024-06-03T21:26:18Z,Merge pull request #1891 from N-R-K/zsh-comp  update zsh completion,https://github.com/jarun/nnn/commit/90eb2d32c0fe226f693172d2c1d2e364fb99a55e
jarun/nnn,https://github.com/jarun/nnn,e0685e9,Arun,2024-06-03T21:25:56Z,Merge pull request #1890 from BeyondMagic/master  quitcd: fix range limits for new nushell version,https://github.com/jarun/nnn/commit/e0685e98c270e4611e4a9adf378b4e63190c7984
jarun/nnn,https://github.com/jarun/nnn,498d617,João F. (BeyondMagic/koetemagie),2024-05-27T14:16:36Z,quitcd: nushell use regex to remove single quotes,https://github.com/jarun/nnn/commit/498d61763992ddbe1395b93bc5eb63df787efd90
jarun/nnn,https://github.com/jarun/nnn,7bab213,NRK,2024-05-27T06:59:17Z,"update zsh completion  add `-F` flag, enhance `-T` flag option description.",https://github.com/jarun/nnn/commit/7bab213772f467b75c386ceb48b94937cb13a3b7
jarun/nnn,https://github.com/jarun/nnn,71452fa,João F. (BeyondMagic/koetemagie),2024-05-27T02:05:14Z,quitcd: fix range limits for new nushell version,https://github.com/jarun/nnn/commit/71452faa400ed1a911c933a23b13937771ce2ff5
jarun/nnn,https://github.com/jarun/nnn,0f10bd6,Arun Prakash Jana,2024-05-24T01:01:35Z,Update lock threads to latest,https://github.com/jarun/nnn/commit/0f10bd6cdcf210ed3e5cd4d3e0b5fe580818b586
jarun/nnn,https://github.com/jarun/nnn,e27d059,Arun,2024-05-18T00:13:44Z,Merge pull request #1881 from N-R-K/colemak-collision  fix collision in colemak patch,https://github.com/jarun/nnn/commit/e27d05955251fbea2dea6d0710f1b0bc1121196e
jarun/nnn,https://github.com/jarun/nnn,4f3662c,NRK,2024-05-11T11:46:11Z,fix collision in colemak patch  Closes: https://github.com/jarun/nnn/issues/1876,https://github.com/jarun/nnn/commit/4f3662cf88a545861a23fcea37fc0aacb4867bc4
jarun/nnn,https://github.com/jarun/nnn,9e95578,Arun,2024-05-10T12:03:32Z,Merge pull request #1879 from N-R-K/use_stdio  use buffered io to reduce syscalls,https://github.com/jarun/nnn/commit/9e95578c22bf76515a633723f6ec335469d4f000
jarun/nnn,https://github.com/jarun/nnn,78b9677,NRK,2024-05-10T08:32:36Z,use buffered io to reduce syscalls,https://github.com/jarun/nnn/commit/78b9677abd4b3126cde4ef8c6b8a56ef1f54289c
jarun/nnn,https://github.com/jarun/nnn,5513760,Arun Prakash Jana,2024-05-06T13:35:46Z,Fix #1877: use dprintf() instead of write(),https://github.com/jarun/nnn/commit/55137600e0b88dc36644ef8fee43482c80ca9f63
jarun/nnn,https://github.com/jarun/nnn,be6988d,Arun Prakash Jana,2024-05-05T13:10:52Z,Fix #1877: malloc: error pointer being freed was not allocated,https://github.com/jarun/nnn/commit/be6988d1c849895e850a67f0f7f5ad176415c513
jarun/nnn,https://github.com/jarun/nnn,191e77e,Arun Prakash Jana,2024-04-28T14:57:24Z,Fix CI error,https://github.com/jarun/nnn/commit/191e77ec5d03ec270054fdb95a8e82b648ac9dd9
jarun/nnn,https://github.com/jarun/nnn,46b5255,Arun Prakash Jana,2024-04-28T14:55:08Z,Add comma,https://github.com/jarun/nnn/commit/46b5255814ba7cd4f1e27c8217ee66356f32b977
jarun/nnn,https://github.com/jarun/nnn,2fb7490,Arun,2024-04-28T12:46:36Z,Merge pull request #1834 from TheUtopian/master  preview-tabbed: show sxiv/nsxiv in thumbnail mode when watching Pictures folder,https://github.com/jarun/nnn/commit/2fb7490bf0088aeb27cff6cd1a40bc72257e3c99
jarun/nnn,https://github.com/jarun/nnn,d61c983,Arun,2024-04-24T12:42:53Z,Merge pull request #1872 from N-R-K/manpage_sort  clarify au and du in manpage,https://github.com/jarun/nnn/commit/d61c983dd00942b464eda60a70cfb185326e669b
jarun/nnn,https://github.com/jarun/nnn,e60be2e,NRK,2024-04-24T06:48:37Z,silence new clang-tidy warnings,https://github.com/jarun/nnn/commit/e60be2eaa247f2618f94c8be2769f302780f7092
jarun/nnn,https://github.com/jarun/nnn,72ee94e,NRK,2024-04-24T06:16:00Z,clarify au and du in manpage  Closes: https://github.com/jarun/nnn/issues/1855 Closes: https://github.com/jarun/nnn/issues/1290 Closes: https://github.com/jarun/nnn/discussions/1750,https://github.com/jarun/nnn/commit/72ee94ed6ef9ffe09f2b9cda215479e6c703c432
jarun/nnn,https://github.com/jarun/nnn,b20886a,Oktay Imanzade,2024-04-18T16:18:24Z,"preview-tabbed: show (n)sxiv in thumbnail mode when watching ""Pictures"" directory",https://github.com/jarun/nnn/commit/b20886a29cf7153546ac27e4e990f4ed6fece215
jarun/nnn,https://github.com/jarun/nnn,ad04944,Arun,2024-04-08T12:34:00Z,Merge pull request #1865 from flipflop133/patch-1  preview-tui: add svg support,https://github.com/jarun/nnn/commit/ad04944bdf9f4c2dc936a5a843040bf6966e619a
jarun/nnn,https://github.com/jarun/nnn,133c0d3,François Bechet,2024-04-07T20:15:41Z,preview-tui: add full svg support,https://github.com/jarun/nnn/commit/133c0d329bdfb1f52372e034b4486ff65a30e2ef
jarun/nnn,https://github.com/jarun/nnn,5853ac8,Arun,2024-04-05T18:01:08Z,Merge pull request #1864 from horrad/master  Fix file creation on OpenBSD,https://github.com/jarun/nnn/commit/5853ac8e48a066a084b77d210fd620ba24b405e0
jarun/nnn,https://github.com/jarun/nnn,28d993a,Martin Ziemer,2024-04-04T13:33:14Z,"Fix file creation on OpenBSD  On OpenBSD at least one of O_RDONLY, O_WRONLY or O_RDWR is needed to open a file.  In creating a new file none of those is set, which leads to an EINVAL error (""invalid argument"").  Since the new file is only created and never read, I chose to use O_WRONLY.",https://github.com/jarun/nnn/commit/28d993a8e85651e6e8a61b410472febc6069ceb0
jarun/nnn,https://github.com/jarun/nnn,22aa145,Arun,2024-03-29T20:03:20Z,Merge pull request #1861 from KlzXS/makefile_icons  Prevent multiple icons options being selected at the same time,https://github.com/jarun/nnn/commit/22aa1455a6081ace0e1b1c09435a447296f914bf
jarun/nnn,https://github.com/jarun/nnn,7806d5d,KlzXS,2024-03-28T17:20:21Z,Prevent multiple icons options being selected at the same time,https://github.com/jarun/nnn/commit/7806d5d3718d7a48f65eade81dcfa323545487f8
jarun/nnn,https://github.com/jarun/nnn,5456ba4,Arun,2024-03-05T18:01:45Z,Merge pull request #1830 from c79cea05/master  nuke: use sort -V,https://github.com/jarun/nnn/commit/5456ba458292e4a8ab3c822e116bcbee77dbf103
jarun/nnn,https://github.com/jarun/nnn,297b854,c79cea05,2024-02-23T00:21:15Z,nuke: use sort -V,https://github.com/jarun/nnn/commit/297b85492f67384fc669fb9aab086c56c5897a5d
jarun/nnn,https://github.com/jarun/nnn,f71b130,Arun Prakash Jana,2024-02-18T01:02:49Z,Fix deletion prompt when rm is used,https://github.com/jarun/nnn/commit/f71b1309a9f304759b2452186538dc142da9b1a2
jarun/nnn,https://github.com/jarun/nnn,eb66598,Arun,2024-02-16T13:47:39Z,Merge pull request #1821 from KlzXS/cpmvrm_dashes  Added dashes to progress versions of cp and mv,https://github.com/jarun/nnn/commit/eb665981457a3e5c02c7dc7a5e05f43f867fd7ed
jarun/nnn,https://github.com/jarun/nnn,3d67779,KlzXS,2024-02-13T17:49:02Z,Add -- to mvg and cpg which were missed,https://github.com/jarun/nnn/commit/3d6777920a325477ab1d662aaf0c4125c76127fd
jarun/nnn,https://github.com/jarun/nnn,4a9587a,Arun,2024-02-13T14:15:38Z,"Merge pull request #1820 from KlzXS/cpmvrm_dashes  Add -- to cp, mv and rm",https://github.com/jarun/nnn/commit/4a9587a5e648277bb740db7873a18a91e70cf1af
jarun/nnn,https://github.com/jarun/nnn,b392dd3,KlzXS,2024-02-13T13:32:42Z,"Added -- to all instances of cp, mv or rm dealing with user provided paths",https://github.com/jarun/nnn/commit/b392dd372342edbd80bb05c9fffeea47da11d95a
jarun/nnn,https://github.com/jarun/nnn,0f62c62,Arun,2024-02-12T16:54:53Z,Merge pull request #1806 from BeyondMagic/master  quitcd: fix old bug and feat. for modular export for nushell,https://github.com/jarun/nnn/commit/0f62c6258afcba8566c61139e6a12587265a494f
jarun/nnn,https://github.com/jarun/nnn,2a442ec,João F. (BeyondMagic/koetemagie),2024-02-10T21:59:26Z,quitcd: fix bugs and feat. for modular export and selective quit,https://github.com/jarun/nnn/commit/2a442ec30c073cec865e491608d676ca386662eb
jarun/nnn,https://github.com/jarun/nnn,5b05c8b,Michel DHOOGE,2024-02-09T15:16:15Z,fix: use a more generic way to print NUL with awk  Only gawk undestands the \0 syntax feat(mimelist): use `mimetype` for better type detection docs(mimelist): add author & dependencies,https://github.com/jarun/nnn/commit/5b05c8b9b1e6fe5549680465e05aa89f45d265df
