项目名称,项目URL,提交ID,提交者,提交时间,提交信息,提交链接
videolan/vlc,https://github.com/videolan/vlc,df5039d,Thomas Guillem,2025-12-02T10:06:26Z,test: player: pause: ensure outputs are paused via timers  And that no frame is rendered once we receive the PAUSED event.,https://github.com/videolan/vlc/commit/df5039d94d252e8d4a0703e5eb45c9e9db53b2f3
videolan/vlc,https://github.com/videolan/vlc,d0036e7,Thomas Guillem,2025-12-02T10:23:08Z,test: player: timers: add smpte.on_paused,https://github.com/videolan/vlc/commit/d0036e7677a288d5aff342982c01151a04a162bb
videolan/vlc,https://github.com/videolan/vlc,3eceb8c,Thomas Guillem,2025-12-02T09:21:00Z,test: player: timers: add wait helpers  Current timer tests are fetching reports when the player is stopped and does not require any lock or wait mechanism. Add lock/cond and helpers in order to allow fetching timer reports when the player is running.,https://github.com/videolan/vlc/commit/3eceb8cce01ef215021e692f5779b28d0cc87dfd
videolan/vlc,https://github.com/videolan/vlc,d4b3e9f,Thomas Guillem,2025-12-02T14:37:07Z,player: handle pause events from outputs  And remove the hack that forced the es_source when paused.  Each timers will now receive the pause event from its es_source.,https://github.com/videolan/vlc/commit/d4b3e9f7cc5909a16156e8f9d9d442bb34879fd4
videolan/vlc,https://github.com/videolan/vlc,b9158c8,Thomas Guillem,2025-12-02T14:36:33Z,es_out: implement on_output_paused,https://github.com/videolan/vlc/commit/b9158c848237bb818993d69c3b79cafc5e54a9ff
videolan/vlc,https://github.com/videolan/vlc,9306721,Thomas Guillem,2025-12-02T14:36:06Z,input: add INPUT_EVENT_OUTPUT_STATE event  To notify that an output is paused from the decoder.,https://github.com/videolan/vlc/commit/93067215ff51c33b6329710bb621775dba0fd56e
videolan/vlc,https://github.com/videolan/vlc,608a4cd,Thomas Guillem,2025-12-02T14:35:19Z,decoder: add on_output_paused event,https://github.com/videolan/vlc/commit/608a4cd8ca45466239c226b2d5c5630f09159644
videolan/vlc,https://github.com/videolan/vlc,a5b719e,Thomas Guillem,2025-12-02T09:18:12Z,player: add on_paused event for timer_smpte,https://github.com/videolan/vlc/commit/a5b719e7a5ff6d39f1caca4e26172b5901454415
videolan/vlc,https://github.com/videolan/vlc,e4b1d76,Thomas Guillem,2025-11-21T11:10:36Z,aout: assert Play() is not called paused,https://github.com/videolan/vlc/commit/e4b1d76b66172583223e218b7bb36952e670707a
videolan/vlc,https://github.com/videolan/vlc,216810b,Thomas Guillem,2025-11-20T13:45:15Z,es_out: remove always true argument,https://github.com/videolan/vlc/commit/216810b44d7bcca6ade82ccde8c984fa1abf0b60
videolan/vlc,https://github.com/videolan/vlc,6b95cfb,Steve Lhomme,2025-12-02T10:39:13Z,"tools: allow newer major versions  When the user has CMake 4.x we should not build CMake 3.x because we require at least 3.21.0.  This matching major version was introduced for protoc in ee5fad6a354d4fde1bb98f715e0455c603599554. But it has moved to contribs and other tools (not matching a library) should be backward compatible.  If there is another tool that needs to match the major version exactly, we should at a special check for that.",https://github.com/videolan/vlc/commit/6b95cfb4a6aef7176ca0e8312b45998e17c040d0
videolan/vlc,https://github.com/videolan/vlc,5151a90,Fatih Uzunoglu,2025-12-01T17:27:53Z,"qml: fix anchoring of the layer effect in `MainDisplay`  This bug is currently asymptomatic because `stackViewParent` and `mainRow` (its parent) have the same size.  We can anchor to the sibling like we do for visual parent, so this is a trivial fix.",https://github.com/videolan/vlc/commit/5151a90a98f1b65361f48fdf3ad5f0fe6f5f7436
videolan/vlc,https://github.com/videolan/vlc,70eb273,Marvin Scholz,2025-12-04T02:28:14Z,"demux: image: fix JFIF detection  A JFIF does not necessarily has an ICC Profile, and especially not usually directly following the SOI, as the spec requires SOI followed by the APP0 JFIF marker. So while this new detection logic fixes out-of-spec files that have a (small) ICC profile before the APP0 JFIF, it breaks most other properly structured ones.  This makes the APP0 ICC profile optional and continues looking for the APP0 JFIF regardless.  Regression from 5ffd36ffa26a83ae498373f7d0ace1d82ab952f4",https://github.com/videolan/vlc/commit/70eb2735e7b47eb082ceb3e299d94f42ac19331b
videolan/vlc,https://github.com/videolan/vlc,f93a8c5,Sean McGovern,2025-12-01T19:45:36Z,misc/stats: ensure p_pic is non-NULL before calling decoder_QueueVideo(),https://github.com/videolan/vlc/commit/f93a8c5f341a346a93b5dfe4da38873475453352
videolan/vlc,https://github.com/videolan/vlc,7a103f0,François Cartegnie,2025-11-24T16:20:10Z,demux: adaptive: handle broken PCR source at fakeesout level,https://github.com/videolan/vlc/commit/7a103f0ca2fe99b8dc629605e112f322e7e2ca21
videolan/vlc,https://github.com/videolan/vlc,a671c7f,François Cartegnie,2025-11-24T14:05:33Z,demux: adaptive: set buffering level to committed dts on invalid PCR  Allows progression when we force set pcr to invalid,https://github.com/videolan/vlc/commit/a671c7f0b5e2ec289c09f0cfb015e5e0dd4d9eb9
videolan/vlc,https://github.com/videolan/vlc,e135021,François Cartegnie,2025-11-24T10:27:05Z,demux: adaptive: fix debug build,https://github.com/videolan/vlc/commit/e1350213384d0ac7d51b2e4f475fc3fde553fd86
videolan/vlc,https://github.com/videolan/vlc,c08a969,Ayush Dey,2025-12-01T10:30:10Z,test: preparser: release thumbnail request after cancel test case,https://github.com/videolan/vlc/commit/c08a9690dcd91808c182440e7aadfd01139e4253
videolan/vlc,https://github.com/videolan/vlc,67a5adb,Ayush Dey,2025-12-01T10:14:32Z,test: preparser: rename request names to avoid variable shadowing,https://github.com/videolan/vlc/commit/67a5adb2f77fb067fb95ad1fa4e51013583b77a1
videolan/vlc,https://github.com/videolan/vlc,ce896f4,Tristan Matthews,2025-12-03T03:53:43Z,aout: filters: use ARRAY_SIZE,https://github.com/videolan/vlc/commit/ce896f409fd7234a1d8150e6bad7969f8a267a0f
videolan/vlc,https://github.com/videolan/vlc,e0d2040,Tristan Matthews,2025-12-03T03:52:23Z,opensles: use ARRAY_SIZE,https://github.com/videolan/vlc/commit/e0d2040033bfc6f05c3c15679fa87741e41075e0
videolan/vlc,https://github.com/videolan/vlc,458ebdb,Tristan Matthews,2025-12-03T03:51:19Z,audiounit_ios: use ARRAY_SIZE,https://github.com/videolan/vlc/commit/458ebdbcd0aeb539f2757e4c1d0ef03657a4d9fb
videolan/vlc,https://github.com/videolan/vlc,dabda80,Tristan Matthews,2025-12-03T03:49:54Z,alsa: use ARRAY_SIZE,https://github.com/videolan/vlc/commit/dabda80c22f9b46719bec3cb3bac6e7c7b189dd9
videolan/vlc,https://github.com/videolan/vlc,16b2747,Tristan Matthews,2025-12-03T03:40:33Z,xkb: use ARRAY_SIZE,https://github.com/videolan/vlc/commit/16b2747e44f14816910fcd06dcae87d40fabb05e
videolan/vlc,https://github.com/videolan/vlc,aec0900,Tristan Matthews,2025-12-03T03:38:31Z,egl_gbm: use ARRAY_SIZE,https://github.com/videolan/vlc/commit/aec090015abd3ff12beaa1b12886ddaa5a849ad4
videolan/vlc,https://github.com/videolan/vlc,3f82b8c,Thomas Guillem,2025-12-02T12:37:19Z,qt: player: use lambda to static initialize player cbs  cf. 1f743fa704be9c2d4cc2f1ecd20d0100a06355ed,https://github.com/videolan/vlc/commit/3f82b8c29ab12e81614101745e5abe3a6827fb29
videolan/vlc,https://github.com/videolan/vlc,4ec531b,Thomas Guillem,2025-12-02T12:30:05Z,qt: player: use lambda to static initialize smpte cbs  cf. 1f743fa704be9c2d4cc2f1ecd20d0100a06355ed,https://github.com/videolan/vlc/commit/4ec531b25083102c9b1a0112eb08601a998c48cf
videolan/vlc,https://github.com/videolan/vlc,d2b42e2,Steve Lhomme,2025-12-02T08:48:04Z,doc: libvlc: update minimum CMake to 3.10  Below 3.5 is not supported by current CMake and below 3.10 is mentioned as removed soon.,https://github.com/videolan/vlc/commit/d2b42e2cd08808ca01a30a68afcf44f4fcfe14ba
videolan/vlc,https://github.com/videolan/vlc,005d1ba,Pierre Lamot,2025-11-21T09:03:14Z,"snap: fix snap package upload  `snapcraft login --with` and `snapcraft push` are deprecated  ``` $ echo $SNAP_LOGIN | base64 --decode | snapcraft login --with - --with is no longer supported, export the auth to the environment variable 'SNAPCRAFT_STORE_CREDENTIALS' instead Login successful $ snapcraft push nightlies/vlc_*.snap --release edge The 'push' command was renamed to 'upload'. Use 'upload' instead. The old name will be removed in a future release. Credentials are no longer valid for the Snap Store. ```  when using SNAPCRAFT_STORE_CREDENTIALS environment variable, login and logout aren't necessary",https://github.com/videolan/vlc/commit/005d1ba347c3bfb992d9a766e3be12de78e4fde7
videolan/vlc,https://github.com/videolan/vlc,d993101,Steve Lhomme,2025-11-07T12:04:25Z,contrib: ffmpeg: don't force a CPU architecture with --cpu (-march)  In VLC 4 we use __builtin_clz() since a1245addb040c4f9f104e0fb57f72c6a8f034537.  But it's turned off for some old CPU architectures in FFmpeg [^1].  [^1]: https://code.ffmpeg.org/FFmpeg/FFmpeg/src/branch/release/7.1/configure#L6485,https://github.com/videolan/vlc/commit/d9931019530b0e26ebe7f0cd1ce3eb33ad497f70
videolan/vlc,https://github.com/videolan/vlc,170bd5d,Thomas Guillem,2025-11-27T14:32:04Z,test: player: check AtoBLoop,https://github.com/videolan/vlc/commit/170bd5d7850ffde19511a8b948c84a6b6a5a45cb
videolan/vlc,https://github.com/videolan/vlc,34795f6,Thomas Guillem,2025-11-28T12:17:37Z,test: player: timers: use helpers,https://github.com/videolan/vlc/commit/34795f64ffe9ef9bd03abb0b2bca1684f9cd2354
videolan/vlc,https://github.com/videolan/vlc,07b397e,Thomas Guillem,2025-11-28T12:04:43Z,test: player: add more timers helpers  Helper to create and listen to timer events.,https://github.com/videolan/vlc/commit/07b397eaf984782625c734cbd896936561c3717c
videolan/vlc,https://github.com/videolan/vlc,d7d8e95,Thomas Guillem,2025-11-27T09:16:52Z,test: player: common: handle report_length,https://github.com/videolan/vlc/commit/d7d8e95e417beae9743836e5e1e32f57795bb01a
videolan/vlc,https://github.com/videolan/vlc,f623496,Thomas Guillem,2025-11-27T09:16:33Z,test: player: handle timer on_seek events,https://github.com/videolan/vlc/commit/f623496026d1c6d707e9cd17f34c3ff685a5ab22
videolan/vlc,https://github.com/videolan/vlc,5534270,Thomas Guillem,2025-11-25T13:42:49Z,mock: add report_length  Can be used to test a stream without a known (or exposed) length.,https://github.com/videolan/vlc/commit/5534270f2cf5fa905c7bba5e14495db84c418d61
videolan/vlc,https://github.com/videolan/vlc,f893fa2,Thomas Guillem,2025-11-27T14:30:34Z,"player: also handle AtoBLoop on EOF  The deadline (from the previous commit) can still be missed if the B position is very close to the end (or past the end).  This also fixes AtoBLoop when the length is not known, and near EOF (when only using positions).",https://github.com/videolan/vlc/commit/f893fa24a6cf40b5d67fed1a3d34532bf2d01575
videolan/vlc,https://github.com/videolan/vlc,624afb6,Thomas Guillem,2025-11-27T14:29:36Z,player: finer AtoBLoop handling  Use the player timer to wait for the accurate B deadline.,https://github.com/videolan/vlc/commit/624afb642df1ca969099add7f5a3bf8c59823c5c
videolan/vlc,https://github.com/videolan/vlc,8b71cb6,Thomas Guillem,2025-11-27T14:27:31Z,player: check can_seek later on AtoBLoop requests  So that vlc_player_SetAtoBLoop() can be called when not started.,https://github.com/videolan/vlc/commit/8b71cb69fccaed408e01cb2def91f6e606d35baf
videolan/vlc,https://github.com/videolan/vlc,1c1cfcf,Thomas Guillem,2025-11-27T10:06:41Z,player: rework vlc_player_input_HandleAtoBLoop()  Can be forced to force the seek to the a position (not used for now) Returns true if it caused a seek.,https://github.com/videolan/vlc/commit/1c1cfcf5c9ae19841928a7b651b97c528a05e33a
videolan/vlc,https://github.com/videolan/vlc,993ae38,Thomas Guillem,2025-11-25T15:21:37Z,player: return the seeking state from GetTimerPoint(),https://github.com/videolan/vlc/commit/993ae382372241e227c043039890b16590238790
videolan/vlc,https://github.com/videolan/vlc,02adcc4,Thomas Guillem,2025-11-25T14:55:38Z,player: reorder calls in vlc_player_input_HandleAtoBLoop()  Avoid initializing variables if not needed.,https://github.com/videolan/vlc/commit/02adcc43c87238d9ea71b34ae92833c2a901439c
videolan/vlc,https://github.com/videolan/vlc,bece5b7,Thomas Guillem,2025-11-25T13:41:29Z,player: expose vlc_player_input_HandleAtoBLoop(),https://github.com/videolan/vlc/commit/bece5b79204b6034386b4cdd05a59a382ac4158b
videolan/vlc,https://github.com/videolan/vlc,e60ef1a,Thomas Guillem,2025-11-25T13:40:41Z,"player: refactor, merge vlc_player_input_HandleAtoBLoop()  No functional changes.",https://github.com/videolan/vlc/commit/e60ef1ad55558cc551cd389589122caf4dabc166
videolan/vlc,https://github.com/videolan/vlc,84c6f63,Thomas Guillem,2025-11-25T13:00:24Z,player: rename destructor to mainloop  This thread could be used for something else than stopping inputs.,https://github.com/videolan/vlc/commit/84c6f63140b5b24e6d20443ac2d9a37450374c29
videolan/vlc,https://github.com/videolan/vlc,e48a61a,Steve Lhomme,2025-06-04T10:43:48Z,display: rename VoutDisplayCreateRender() to VoutConverterCreate()  The function only deals with converters. This is the counterpart of VoutConverterRelease().,https://github.com/videolan/vlc/commit/e48a61a6fb74322db8e841a8321bff298f00a0bf
videolan/vlc,https://github.com/videolan/vlc,e203053,Steve Lhomme,2024-09-09T07:50:19Z,vout: rename GetAspectRatio() to vout_ParseDisplayAspectRatio()  In line with the existing vout_ParseCrop(). We also change the order of parameters to match that function.,https://github.com/videolan/vlc/commit/e203053a72c3488551b1e39441e9ab0e395c7d50
videolan/vlc,https://github.com/videolan/vlc,e1d2696,Steve Lhomme,2024-09-09T07:46:32Z,video_output: remove trivial function  It didn't even mention it's the Display aspect ratio.,https://github.com/videolan/vlc/commit/e1d2696ff7ed3e7eaee4b152d72c012aeaec5459
videolan/vlc,https://github.com/videolan/vlc,f415656,Steve Lhomme,2024-09-09T07:30:34Z,vout: pass the display aspect ratio as a vlc_rational_t  So the 2 values are always tied.,https://github.com/videolan/vlc/commit/f4156560dbec8cff790d6472eda35fd84e32fc70
videolan/vlc,https://github.com/videolan/vlc,507cb43,Steve Lhomme,2024-09-06T06:44:55Z,display: only compute the scaled dimensions when we use them,https://github.com/videolan/vlc/commit/507cb437b872fd9d4cbd70cd18cd9ab785e01687
videolan/vlc,https://github.com/videolan/vlc,b1d4ecf,Steve Lhomme,2024-09-06T06:50:11Z,display: reduce line length and reorder variables  No functional changes.,https://github.com/videolan/vlc/commit/b1d4ecf51070d698e148383b55c683db9c5f899c
videolan/vlc,https://github.com/videolan/vlc,8af818e,Steve Lhomme,2025-11-28T10:01:54Z,demux: mkv: add support for LZO1X decompression via lzokay  lzokay [^1] is a C++ MIT-licensed library to (de)compress LZO1X.  [^1]: https://github.com/AxioDL/lzokay,https://github.com/videolan/vlc/commit/8af818eca9e0e33e47bd222e18f2365e415f88af
videolan/vlc,https://github.com/videolan/vlc,5ea45b5,Steve Lhomme,2025-12-01T07:56:47Z,demux: mkv: use VLC-like 16-bit little endian reader for lzo1x  In C++20 we could use std::endian [^1].  [^1]: https://en.cppreference.com/w/cpp/types/endian.html,https://github.com/videolan/vlc/commit/5ea45b5287b3b4283705a8b3f4b35cc6f6e2c3d6
videolan/vlc,https://github.com/videolan/vlc,1736cc9,Steve Lhomme,2025-12-01T08:00:19Z,demux: mkv: use standard way to get size_t maximum for lzo1x,https://github.com/videolan/vlc/commit/1736cc96f7f5e46160d63e007fcb75256d7321d8
videolan/vlc,https://github.com/videolan/vlc,4e82b1e,Steve Lhomme,2025-12-01T07:50:23Z,demux: mkv: remove unused lzo1x compression code,https://github.com/videolan/vlc/commit/4e82b1e8d0beed0f732f9cbedbb2edcefc63877b
videolan/vlc,https://github.com/videolan/vlc,235c0fe,Steve Lhomme,2025-11-28T10:01:54Z,demux: mkv: add LZO1X decompression code from lzokay  lzokay [^1] is a C++ MIT-licensed library to (de)compress LZO1X.  [^1]: https://github.com/AxioDL/lzokay,https://github.com/videolan/vlc/commit/235c0fef765b38be9e41d6e5b0428f14923d94c7
videolan/vlc,https://github.com/videolan/vlc,1f75ed8,Stanislav Fort,2025-10-28T15:46:49Z,oggspots: fix OOB read (unchecked image offset)  Fixes #29319,https://github.com/videolan/vlc/commit/1f75ed8f520d134be4f0799eedc5baec2a0c4f0b
videolan/vlc,https://github.com/videolan/vlc,46da828,Steve Lhomme,2025-09-24T10:06:31Z,demux: ty: don't look for ES header past the input buffer boundaries,https://github.com/videolan/vlc/commit/46da8289deb744b1f2eac4bd18ecd195f1437d29
videolan/vlc,https://github.com/videolan/vlc,39e3dc5,Steve Lhomme,2025-09-24T09:57:53Z,demux: ty: don't check for S1/S2 if the offsets are too large,https://github.com/videolan/vlc/commit/39e3dc5843747d358c4081e7aaecbcbea7b35467
videolan/vlc,https://github.com/videolan/vlc,49ba7d1,Steve Lhomme,2025-09-24T09:55:22Z,demux: ty: stop read chunk if offset is past the data  Fixes https://code.videolan.org/videolan/vlc/-/issues/29316,https://github.com/videolan/vlc/commit/49ba7d18f99bb3906cfcd08826943d89600809f0
videolan/vlc,https://github.com/videolan/vlc,28f6557,Steve Lhomme,2025-09-24T08:59:31Z,"cvdbsub: don't use metadata offset if bigger than whole SPU  ParseMetaInfo() will not parse anything in that case as p == p_end. The image will use the whole of the SPU buffer, potentially containing metadata at the end. But the reading in RenderImage() is constrained by the width/height so it won't use these data.  Fixes https://code.videolan.org/videolan/vlc/-/issues/29325",https://github.com/videolan/vlc/commit/28f65576f5c6883d7feb96767a8235df3e12c5f2
videolan/vlc,https://github.com/videolan/vlc,995e77e,Steve Lhomme,2025-09-23T13:55:21Z,demux: aiff: return early if the allocation is not possible  We need to allocate i_data_size + 1. So i_data_size cannot be SIZE_MAX or higher.  Fixes https://code.videolan.org/videolan/vlc/-/issues/29317,https://github.com/videolan/vlc/commit/995e77e7bad59abc54e3e73dae0aee71646ab7f2
videolan/vlc,https://github.com/videolan/vlc,ec79e36,Steve Lhomme,2025-09-17T09:25:19Z,demux: ogg: keep the map sizes when they are set  The p_old_map/p_new_map sizes should match their buffer size.  By default the channel counts are zero which considers the old/new maps match. The channel count read may be updated but not the channel mapping. We need to check the channel count match and the mapping matches.  Fixes https://code.videolan.org/videolan/vlc/-/issues/29314,https://github.com/videolan/vlc/commit/ec79e365155608647289b5fdb2043d6281f73d49
videolan/vlc,https://github.com/videolan/vlc,c86e891,Stanislav Fort,2025-10-27T13:25:53Z,cea708: fix CEA708_Window_Truncate()  Make truncation actually drop one column in LTR/RTL (adjust lastcol/firstcol; delete rows only when they become empty).  Fixes #29328,https://github.com/videolan/vlc/commit/c86e89101c887679029ccfe041850ba1b53944b3
videolan/vlc,https://github.com/videolan/vlc,5dc06da,Stanislav Fort,2025-10-27T13:03:46Z,cea708: fix Window_MinCol()/Window_MaxCol() indexes  Refs #29328,https://github.com/videolan/vlc/commit/5dc06dabbe7edd7dabfb1c2150256d7c9eb2212b
videolan/vlc,https://github.com/videolan/vlc,1a9556c,Stanislav Fort,2025-10-27T12:49:30Z,cea708: fix OOB write in CEA-708 LTR window scroll  Due to wrong bound check  Fixes #29375,https://github.com/videolan/vlc/commit/1a9556cd9236b11ea6aade372ba6b4c687e1a936
videolan/vlc,https://github.com/videolan/vlc,8c0c880,Stanislav Fort,2025-10-27T12:47:17Z,cea708: use 4-byte stride for 4-byte character cells  Fixes corruption/OOB. Fixes #29326,https://github.com/videolan/vlc/commit/8c0c8804e14c0bdb08a98f485c376049e31c1319
videolan/vlc,https://github.com/videolan/vlc,0fc607e,Stanislav Fort,2025-10-27T10:51:40Z,cea708: fix OOB write in CEA-708 RTL window scroll  Fixes #29323,https://github.com/videolan/vlc/commit/0fc607e03ccc3da5f470148fc02d8c7f31235245
videolan/vlc,https://github.com/videolan/vlc,13d407e,Stanislav Fort,2025-10-27T10:43:44Z,cc: OOB read in CEA-708 CDP time_code_section  Fixes #29322,https://github.com/videolan/vlc/commit/13d407e1e133617edf443fb2db75d2335b79d56d
videolan/vlc,https://github.com/videolan/vlc,0aa9851,Claudio Cambra,2025-12-01T04:36:29Z,macosx: Add a gradient effect at the top of the play queue scroll view  Signed-off-by: Claudio Cambra <developer@claudiocambra.com>,https://github.com/videolan/vlc/commit/0aa985159e5d6c609085e62f302678f6805d2940
videolan/vlc,https://github.com/videolan/vlc,9965547,Claudio Cambra,2025-12-01T04:10:05Z,macosx: Match positioning and sizing of play queue footer with the main library window playback controls bar  Signed-off-by: Claudio Cambra <developer@claudiocambra.com>,https://github.com/videolan/vlc/commit/9965547b34e65a6a390e3100a8f78b2ff68f76f1
videolan/vlc,https://github.com/videolan/vlc,8ee3a20,Claudio Cambra,2025-11-23T04:21:03Z,macosx: Add a glass effect for the play queue footer  Signed-off-by: Claudio Cambra <developer@claudiocambra.com>,https://github.com/videolan/vlc/commit/8ee3a2008bfebeb7728496c9bc2aecf0d684203c
videolan/vlc,https://github.com/videolan/vlc,efb06cc,Claudio Cambra,2025-11-21T17:20:08Z,macosx: Create and configure a blurred background for the play queue footer  Signed-off-by: Claudio Cambra <developer@claudiocambra.com>,https://github.com/videolan/vlc/commit/efb06cc7319c100e4714826715da8e9f0e3f865c
videolan/vlc,https://github.com/videolan/vlc,a0b766e,Jakov Andrić,2025-11-18T20:28:27Z,"vout/iOS: change run loop mode to kCFRunLoopCommonMode  This updates the video rendering loop in VLCOpenGLES2VideoView to use kCFRunLoopCommonMode instead of kCFRunLoopDefaultMode.  Using CADisplayLink with the default run loop mode causes frame updates to pause during common UI interactions, such as pulling down the control center. This results in frozen video even though audio continues normally.  Using kCFRunLoopCommonMode ensures frame updates even when the player is not in focus. This matches the behavior used by Apple in AVPlayer.",https://github.com/videolan/vlc/commit/a0b766ecbfd057e907a2621d6f5ebdd697aeec8d
videolan/vlc,https://github.com/videolan/vlc,a4aaf85,Gautier,2025-12-01T16:44:31Z,chromecast: Disable HEVC for original Chromecast devices,https://github.com/videolan/vlc/commit/a4aaf856fa7aa43682fb5e72f5885414bab1e393
videolan/vlc,https://github.com/videolan/vlc,f5acff7,Thomas Guillem,2025-11-27T13:44:11Z,test: player: add eof.c  Test vlc_player_SetPlayAndPause() and vlc_player_SetRepeatCount(),https://github.com/videolan/vlc/commit/f5acff75a9996b04b08f68fb09ee55158ea35b65
videolan/vlc,https://github.com/videolan/vlc,6dec40d,Thomas Guillem,2025-11-27T13:49:46Z,"libvlc: handle ""input-repeat""",https://github.com/videolan/vlc/commit/6dec40d4049c415ff862796d1e86385def190720
videolan/vlc,https://github.com/videolan/vlc,caf9439,Thomas Guillem,2025-11-27T13:39:02Z,"libvlc: handle ""play-and-pause""",https://github.com/videolan/vlc/commit/caf9439d0693bab9b0ee743db13acb91681e8232
videolan/vlc,https://github.com/videolan/vlc,1153d74,Thomas Guillem,2025-11-27T10:27:12Z,playlist: remove STOPPED_PAUSE  It's now 100% handled by the player.,https://github.com/videolan/vlc/commit/1153d74b2c0912760a77550e6e0ae4d74b5a9685
videolan/vlc,https://github.com/videolan/vlc,f23ae41,Thomas Guillem,2025-11-27T13:02:38Z,"player: add vlc_player_SetRepeatCount  The input_thread_t is not handling ""input-repeat"" anymore.",https://github.com/videolan/vlc/commit/f23ae4184fb43a425596aa67d35b53fd2be063f0
videolan/vlc,https://github.com/videolan/vlc,05f7c47,Thomas Guillem,2025-11-27T10:22:05Z,"player: add vlc_player_SetPlayAndPause  The input_thread_t is not handling ""play-and-pause"" anymore.",https://github.com/videolan/vlc/commit/05f7c478fdc8db1bc0f7de85aea4b9d6bad661a6
videolan/vlc,https://github.com/videolan/vlc,8b8743f,Thomas Guillem,2025-11-27T13:08:56Z,input: add INPUT_CONTROL_RESET_POSITION,https://github.com/videolan/vlc/commit/8b8743f48cb34a74eeb8a5fa867a84da9f0f22cf
videolan/vlc,https://github.com/videolan/vlc,a1b192f,Thomas Guillem,2025-11-27T09:24:52Z,"input: add external EOF handling  The INPUT_EVENT_EOF listener can return true if it handles the EOF itself. In that case, the input_thread_t will wait for any controls (input_Stop() will definitively stop it).  No changes if the event is not handled.",https://github.com/videolan/vlc/commit/a1b192fb4b93fb668cd410930d58aeab2c49013b
videolan/vlc,https://github.com/videolan/vlc,4ced8e7,Thomas Guillem,2025-11-27T12:51:39Z,input: move EOF handling in else{}  No functional changes,https://github.com/videolan/vlc/commit/4ced8e7eff54297c1bf9cd97434c69a7729be1a0
videolan/vlc,https://github.com/videolan/vlc,331d06b,Thomas Guillem,2025-11-27T10:01:38Z,"input: refactor, add ResetPosition()  No functional changes.",https://github.com/videolan/vlc/commit/331d06bcd3c2ad2fc2411d0ee967e1235e62fd88
videolan/vlc,https://github.com/videolan/vlc,30ce003,Thomas Guillem,2025-11-27T09:54:47Z,"input: refactor, use and rework StartTitle()  No functional changes.",https://github.com/videolan/vlc/commit/30ce003231f937e6cac7bf4b33960340034dff80
videolan/vlc,https://github.com/videolan/vlc,03e595e,Thomas Guillem,2025-11-27T09:53:22Z,input: move StartTitle up  To avoid forward declaration in the next commit.  No functional changes.,https://github.com/videolan/vlc/commit/03e595ead051411d18074ca65dda29b89ec5c68f
videolan/vlc,https://github.com/videolan/vlc,c6c4fb8,Thomas Guillem,2025-11-27T16:16:10Z,"decoder: allow holding Fifo lock while sending events.  The Fifo lock can be held while calling `decoder_Notify()`. Therefore, don't try to avoid calling `decoder_Notify()` with the lock.  ``` vlc_input_decoder_t  => es_out.c (es_out lock can't be held from these callbacks)  => input_SendEvent(). ```",https://github.com/videolan/vlc/commit/c6c4fb85305760e2b65cba64f98133bde95f0f58
videolan/vlc,https://github.com/videolan/vlc,0d51bf0,Thomas Guillem,2025-11-28T04:20:21Z,test: player: modules: fix data-race  ``` WARNING: ThreadSanitizer: data race (pid=1482710)   Write of size 8 at 0x7ffc083eeec8 by thread T3:     #0 vlc_vector_reallocdata_ ../../include/vlc_vector.h:181 (test_src_player_discontinuities+0x28ab) (BuildId: 4aa32e859ff1646a7434510b5302b07861d62271)     #1 aout_Play ../../test/src/player/modules.c:36 (test_src_player_discontinuities+0x2a1e) (BuildId: 4aa32e859ff1646a7434510b5302b07861d62271)     #2 vlc_aout_stream_Play ../../src/audio_output/dec.c:957 (libvlccore.so.9+0xaa396) (BuildId: 13da3aaa6541ff90a630e0bc4c2f079a7b6d6061)     #3 ModuleThread_PlayAudio ../../src/input/decoder.c:1523 (libvlccore.so.9+0x62512) (BuildId: 13da3aaa6541ff90a630e0bc4c2f079a7b6d6061)     #4 ModuleThread_QueueAudio ../../src/input/decoder.c:1554 (libvlccore.so.9+0x62735) (BuildId: 13da3aaa6541ff90a630e0bc4c2f079a7b6d6061)     #5 decoder_QueueAudio ../../include/vlc_codec.h:476 (libaraw_plugin.so+0x29c5) (BuildId: 1aad6e313df15de1f486a181f90e037a012de0fa)     #6 DecodeBlock ../../modules/codec/araw.c:362 (libaraw_plugin.so+0x3449) (BuildId: 1aad6e313df15de1f486a181f90e037a012de0fa)     #7 DecoderThread_DecodeBlock ../../src/input/decoder.c:1636 (libvlccore.so.9+0x608af) (BuildId: 13da3aaa6541ff90a630e0bc4c2f079a7b6d6061)     #8 DecoderThread_ProcessInput ../../src/input/decoder.c:1762 (libvlccore.so.9+0x60d91) (BuildId: 13da3aaa6541ff90a630e0bc4c2f079a7b6d6061)     #9 DecoderThread ../../src/input/decoder.c:1876 (libvlccore.so.9+0x61002) (BuildId: 13da3aaa6541ff90a630e0bc4c2f079a7b6d6061)    Previous read of size 8 at 0x7ffc083eeec8 by main thread:     #0 test_clock_discontinuities ../../test/src/player/discontinuities.c:27 (test_src_player_discontinuities+0x9ab0) (BuildId: 4aa32e859ff1646a7434510b5302b07861d62271)     #1 main ../../test/src/player/discontinuities.c:44 (test_src_player_discontinuities+0x9eff) (BuildId: 4aa32e859ff1646a7434510b5302b07861d62271) ```,https://github.com/videolan/vlc/commit/0d51bf0445614f87c18674a68b3c8b0ab5fda2d3
videolan/vlc,https://github.com/videolan/vlc,183a2e8,Tristan Matthews,2025-11-28T16:08:35Z,skins2: x11: use ARRAY_SIZE,https://github.com/videolan/vlc/commit/183a2e86c7e689e2c02978b5d37d33c6d4535895
videolan/vlc,https://github.com/videolan/vlc,81696e1,Tristan Matthews,2025-11-28T16:06:05Z,qt: tests: use ARRAY_SIZE,https://github.com/videolan/vlc/commit/81696e131a7a00bae9ff4b6028af28c5c0a84c18
videolan/vlc,https://github.com/videolan/vlc,f96e0e4,Tristan Matthews,2025-11-28T16:03:55Z,qt: dialogs: use ARRAY_SIZE,https://github.com/videolan/vlc/commit/f96e0e45d67dcba3b93f731d21e731141f006d65
videolan/vlc,https://github.com/videolan/vlc,dc4f965,Tristan Matthews,2025-11-28T15:52:05Z,gui: ncurses: uses ARRAY_SIZE,https://github.com/videolan/vlc/commit/dc4f965658dfff20af01557e82e406e7f4e96f5a
videolan/vlc,https://github.com/videolan/vlc,fe65b13,Ayush Dey,2025-11-19T04:25:54Z,"player: expose media stopping reason via on_stopping_current_media  Add an enum to expose whether media is stopping due to user request, reaching EOS or encountering an error.",https://github.com/videolan/vlc/commit/fe65b13db01c470b34da1c647c5e6b0b395747a9
videolan/vlc,https://github.com/videolan/vlc,1d4af11,Ayush Dey,2025-11-18T16:09:15Z,"player: report on_stopping_current_media for all stopping scenarios  Previously, on_stopping_current_media was emitted only when the user stopped the media. The callback notification is moved into vlc_player_input_HandleState, ensuring it is reported when media reaches EOS, errors out, or is stopped by the user.",https://github.com/videolan/vlc/commit/1d4af114ae2adcac3e351b7e0163076235115286
videolan/vlc,https://github.com/videolan/vlc,81d88be,Ayush Dey,2025-11-18T15:01:44Z,"player: call input_Stop before reporting the stopping state  Ensure that the player notifies the user about the stopping state after the underlying input_thread begins stopping. Also, this is required for the next commit, where the on_stopping_current_media event notification will be moved inside vlc_player_input_HandleState",https://github.com/videolan/vlc/commit/81d88be5a7dd9a8234fe0cd1a0b56916642f4140
videolan/vlc,https://github.com/videolan/vlc,7775fc1,Steve Lhomme,2025-11-26T14:22:38Z,"CI: disable debian-contrib job  The snap package also builds the missing contribs. They are currently the same between the debian-contrib and the snap job, except the snap job also builds live555.",https://github.com/videolan/vlc/commit/7775fc1eaf467d8d1640df3af871e4bbac1c2950
videolan/vlc,https://github.com/videolan/vlc,8be447b,Thomas Guillem,2025-11-28T10:44:46Z,wav: fix invalid PCR when seeking to 0  Don't set the date to VLC_TICK_INVALID when seeking to 0.  This was causing an invalid PCR and a quick EOF. ``` [00007f4780091e20] main input debug: control type=15 [00007f4780091e20] main input debug: control type=3 [00007f4780091e20] main input debug: ES_OUT_RESET_PCR called [00005653d9251a90] [qt] qt generic debug: on_player_buffering [00007f4780091e20] main input error: Invalid PCR value in ES_OUT_SET_(GROUP_)PCR ! [00007f4780091e20] main input error: Invalid PCR value in ES_OUT_SET_(GROUP_)PCR ! [00007f4780091e20] main input error: Invalid PCR value in ES_OUT_SET_(GROUP_)PCR ! ... [00007f4780091e20] main input error: Invalid PCR value in ES_OUT_SET_(GROUP_)PCR ! [00007f4780091e20] main input error: Invalid PCR value in ES_OUT_SET_(GROUP_)PCR ! [00007f4780091e20] main input error: Invalid PCR value in ES_OUT_SET_(GROUP_)PCR ! [00007f4780091e20] main input debug: EOF reached ```,https://github.com/videolan/vlc/commit/8be447b95677c0038413605114b14bcc906c0d04
videolan/vlc,https://github.com/videolan/vlc,0bec04f,Thomas Guillem,2025-11-28T10:05:20Z,decoder: fix possible and recent drained miss  Regression from 5eb0c9c48312bfb57bdf174c071a7f984f4ef7fe  `draining` should be checked from `vlc_input_decoder_IsDrainedLocked()`.,https://github.com/videolan/vlc/commit/0bec04f0e10562419cec05cddfc75ae3fb8f29d0
videolan/vlc,https://github.com/videolan/vlc,3156e78,Thomas Guillem,2025-11-28T04:18:58Z,test: add checkplayer rules  To make and run all player tests,https://github.com/videolan/vlc/commit/3156e78b59582ff3d54275718b010aa1e3d06410
videolan/vlc,https://github.com/videolan/vlc,55329bd,Thomas Guillem,2025-11-26T16:48:15Z,"test: player: split all tests  Move each tests in a separate file/program.   - This will make debugging from the CI easier.  - This will allow running player tests in parallel  - This will fix timeout will one very long test, that could last more    than 10 seconds  - This will allow adding more tests, that could take more time  Fixes #27105",https://github.com/videolan/vlc/commit/55329bd5a01d77cbf83e8daa08969d067b6f7eb6
videolan/vlc,https://github.com/videolan/vlc,993a1bd,Thomas Guillem,2025-11-27T08:02:28Z,"test: player: split code, add modules.c  To ease test split in a future commit.  No functional changes.  Refs #27105",https://github.com/videolan/vlc/commit/993a1bde7d5980173ac9046523bf9cc8ed1be87d
videolan/vlc,https://github.com/videolan/vlc,9645376,Thomas Guillem,2025-11-27T08:00:28Z,"test: player: split code, add timers.h  To ease test split in a future commit.  No functional changes.  Refs #27105",https://github.com/videolan/vlc/commit/96453769428731538cf18135b2f47e3b06044df4
videolan/vlc,https://github.com/videolan/vlc,1d808e1,Thomas Guillem,2025-11-27T07:56:04Z,"test: player: split code, add common.h  To ease test split in a future commit.  No functional changes.  Refs #27105",https://github.com/videolan/vlc/commit/1d808e109c4b9722786b0ce90c02e6f65adc91f8
videolan/vlc,https://github.com/videolan/vlc,45daec8,Thomas Guillem,2025-11-27T08:48:11Z,test: player: run test_init() from ctx_init()  This will save one test_init() line in upcoming split player tests.  Refs #27105,https://github.com/videolan/vlc/commit/45daec8d8270b2c9e2e415e47abdef50b26528a2
videolan/vlc,https://github.com/videolan/vlc,03ac251,Thomas Guillem,2025-11-27T08:46:54Z,test: player: remove optimisation  This won't be possible when player tests will be split into several programs.  Refs #27105,https://github.com/videolan/vlc/commit/03ac251f66ee42462e62ed07f29d95118f427a52
videolan/vlc,https://github.com/videolan/vlc,608a1d9,Thomas Guillem,2025-11-27T05:08:56Z,test: player: re-indent after the previous commit  No functional changes.  Refs #27105,https://github.com/videolan/vlc/commit/608a1d9ef65faf7ef1d146d0f8b28a16dc478567
videolan/vlc,https://github.com/videolan/vlc,1b4fafd,Thomas Guillem,2025-11-27T05:06:16Z,test: player: use a flag to test the monotonic clock  And not a specific test/define  Refs #27105,https://github.com/videolan/vlc/commit/1b4fafd4fc97ba0edc9263d1d0ad08b403bcbba2
videolan/vlc,https://github.com/videolan/vlc,310b668,Pierre Lamot,2025-11-24T10:11:11Z,qt: store playlist item duration as VLCDuration,https://github.com/videolan/vlc/commit/310b6683039d62a3577f549196de0fdd1ecb9513
videolan/vlc,https://github.com/videolan/vlc,556b217,Pierre Lamot,2025-11-24T10:10:17Z,qt: add arithmetic operators to VLCDuration,https://github.com/videolan/vlc/commit/556b217f50d9ae13df6cb3ab7dc5e8afd01e3568
videolan/vlc,https://github.com/videolan/vlc,a25dc91,Pierre Lamot,2025-11-20T15:48:12Z,qt: distinguish invalid durations,https://github.com/videolan/vlc/commit/a25dc910e91bd80c7975f6866e18e66f8a697562
videolan/vlc,https://github.com/videolan/vlc,f65deb4,Pierre Lamot,2025-11-20T15:45:19Z,qt: don't return invalid time/duration as subSecond/subHour,https://github.com/videolan/vlc/commit/f65deb4fbf660e4f27b20de885d14d1bdd5a2faf
videolan/vlc,https://github.com/videolan/vlc,342abe8,Thomas Guillem,2025-06-19T08:30:00Z,"vout: ""fps"" filter should be static  Fixes the following runtine warning: ""Unsupported timestamp modifications done by chain_interactive""  As a result, pictures are skipped for real when decreasing fps.",https://github.com/videolan/vlc/commit/342abe8c6794332b4ae3440f4bd2428d760ded74
videolan/vlc,https://github.com/videolan/vlc,fcd6fae,Thomas Guillem,2025-06-19T08:28:35Z,vout: replace multiple strcmp with a bsearch,https://github.com/videolan/vlc/commit/fcd6fae769a4fbeca6c3bc510b5d16a21edab380
videolan/vlc,https://github.com/videolan/vlc,c18888e,Thomas Guillem,2025-11-27T16:22:42Z,vout: fix data-race with decoder_fifo  Allocate `decoder_fifo` from Create to avoid a data-race between `vout_IsEmpty()` and `vout_Start()`.  ``` WARNING: ThreadSanitizer: data race (pid=1391582)   Read of size 8 at 0x726000010360 by thread T205:     #0 vout_IsEmpty ../../src/video_output/video_output.c:286 (libvlccore.so.9+0xba067) (BuildId: 1599d2bb5db736fbd51ed60e006a99dcf851bb82)     #1 vlc_input_decoder_IsDrainedLocked ../../src/input/decoder.c:2496 (libvlccore.so.9+0x65518) (BuildId: 1599d2bb5db736fbd51ed60e006a99dcf851bb82)     #2 vlc_input_decoder_IsDrained ../../src/input/decoder.c:2506 (libvlccore.so.9+0x65e79) (BuildId: 1599d2bb5db736fbd51ed60e006a99dcf851bb82)     #3 EsOutDestroyDecoder ../../src/input/es_out.c:2459 (libvlccore.so.9+0x757af) (BuildId: 1599d2bb5db736fbd51ed60e006a99dcf851bb82)     #4 EsOutUnselectEs ../../src/input/es_out.c:2581 (libvlccore.so.9+0x75981) (BuildId: 1599d2bb5db736fbd51ed60e006a99dcf851bb82)     #5 EsOutProgramSelect ../../src/input/es_out.c:1469 (libvlccore.so.9+0x75dd0) (BuildId: 1599d2bb5db736fbd51ed60e006a99dcf851bb82)     #6 EsOutVaControlLocked ../../src/input/es_out.c:3536 (libvlccore.so.9+0x79556) (BuildId: 1599d2bb5db736fbd51ed60e006a99dcf851bb82)     #7 EsOutControl ../../src/input/es_out.c:4061 (libvlccore.so.9+0x79f2a) (BuildId: 1599d2bb5db736fbd51ed60e006a99dcf851bb82)     #8 es_out_in_vaControl ../../src/input/es_out_timeshift.c:457 (libvlccore.so.9+0x7c337) (BuildId: 1599d2bb5db736fbd51ed60e006a99dcf851bb82)     #9 es_out_in_Control ../../src/input/es_out_timeshift.c:468 (libvlccore.so.9+0x7c337)     #10 CmdExecuteControl ../../src/input/es_out_timeshift.c:1742 (libvlccore.so.9+0x7c3d7) (BuildId: 1599d2bb5db736fbd51ed60e006a99dcf851bb82)     #11 ControlLocked ../../src/input/es_out_timeshift.c:668 (libvlccore.so.9+0x7c8bb) (BuildId: 1599d2bb5db736fbd51ed60e006a99dcf851bb82)     #12 Control ../../src/input/es_out_timeshift.c:740 (libvlccore.so.9+0x7ccee) (BuildId: 1599d2bb5db736fbd51ed60e006a99dcf851bb82)     #13 es_out_vaControl ../../include/vlc_es_out.h:162 (libvlccore.so.9+0x80614) (BuildId: 1599d2bb5db736fbd51ed60e006a99dcf851bb82)     #14 es_out_Control ../../include/vlc_es_out.h:171 (libvlccore.so.9+0x80614)     #15 Control ../../src/input/input.c:2127 (libvlccore.so.9+0x86dac) (BuildId: 1599d2bb5db736fbd51ed60e006a99dcf851bb82)     #16 MainLoop ../../src/input/input.c:753 (libvlccore.so.9+0x897f6) (BuildId: 1599d2bb5db736fbd51ed60e006a99dcf851bb82)     #17 Run ../../src/input/input.c:414 (libvlccore.so.9+0x899e3) (BuildId: 1599d2bb5db736fbd51ed60e006a99dcf851bb82)    Previous write of size 8 at 0x726000010360 by thread T207:     #0 vout_Start ../../src/video_output/video_output.c:1821 (libvlccore.so.9+0xb97f5) (BuildId: 1599d2bb5db736fbd51ed60e006a99dcf851bb82)     #1 vout_Request ../../src/video_output/video_output.c:2413 (libvlccore.so.9+0xbc705) (BuildId: 1599d2bb5db736fbd51ed60e006a99dcf851bb82)     #2 input_resource_RequestVout ../../src/input/resource.c:495 (libvlccore.so.9+0x9f385) (BuildId: 1599d2bb5db736fbd51ed60e006a99dcf851bb82)     #3 ModuleThread_UpdateVideoFormat ../../src/input/decoder.c:677 (libvlccore.so.9+0x63fb1) (BuildId: 1599d2bb5db736fbd51ed60e006a99dcf851bb82)     #4 decoder_UpdateVideoOutput ../../src/input/decoder_helpers.c:193 (libvlccore.so.9+0x6808b) (BuildId: 1599d2bb5db736fbd51ed60e006a99dcf851bb82)     #5 decoder_UpdateVideoFormat ../../src/input/decoder_helpers.c:119 (libvlccore.so.9+0x680cc) (BuildId: 1599d2bb5db736fbd51ed60e006a99dcf851bb82)     #6 DecodeFrame ../../modules/codec/rawvideo.c:250 (librawvideo_plugin.so+0x1ca2) (BuildId: f2d67b7b24ac9e5127596406c568126f931dc8ca)     #7 DecoderThread_DecodeBlock ../../src/input/decoder.c:1642 (libvlccore.so.9+0x608af) (BuildId: 1599d2bb5db736fbd51ed60e006a99dcf851bb82)     #8 DecoderThread_ProcessInput ../../src/input/decoder.c:1768 (libvlccore.so.9+0x60d91) (BuildId: 1599d2bb5db736fbd51ed60e006a99dcf851bb82)     #9 DecoderThread ../../src/input/decoder.c:1882 (libvlccore.so.9+0x61002) (BuildId: 1599d2bb5db736fbd51ed60e006a99dcf851bb82) ```,https://github.com/videolan/vlc/commit/c18888edf0a5214dd1a0b876fb1fbe3bf79431e8
videolan/vlc,https://github.com/videolan/vlc,617cb8a,Marvin Scholz,2025-11-27T02:51:53Z,extras/tools: update meson to 1.9.1,https://github.com/videolan/vlc/commit/617cb8a64d47ccc1f6be2394e8a280988ab4b7bc
videolan/vlc,https://github.com/videolan/vlc,e3353f3,Khalid Masum,2025-11-25T07:10:13Z,codec: webvtt: remove dead code in domnode match attribute  fixes: #29335 (coverity: 1666285)  Co-authored-by: Syed Shams Islam <isyed4916@gmail.com>,https://github.com/videolan/vlc/commit/e3353f3e9155c92d6909d38fe09de5e78ace2a43
videolan/vlc,https://github.com/videolan/vlc,bc676d1,Steve Lhomme,2025-05-19T13:12:50Z,mux: ts: remove unused variable,https://github.com/videolan/vlc/commit/bc676d12933885b8ca7e4a27c4bc86c0978ae169
videolan/vlc,https://github.com/videolan/vlc,0b3716b,Steve Lhomme,2025-05-16T11:20:02Z,mux: mp4: fix unused variable warning,https://github.com/videolan/vlc/commit/0b3716b05ac7755918006be9443c0981efbe4ae1
videolan/vlc,https://github.com/videolan/vlc,46c628f,Steve Lhomme,2025-05-19T12:08:21Z,stream_output: simplify test to find the earliest dts to mux,https://github.com/videolan/vlc/commit/46c628ff3c8a70d9d4cc8b35a3e466015aff3fc6
videolan/vlc,https://github.com/videolan/vlc,d7fa834,Steve Lhomme,2025-05-19T13:21:40Z,libvlccore: add missing vlc_fifo_Held  Missing from 322ea200acbca4cf8e11bdc277b442898b77c749,https://github.com/videolan/vlc/commit/d7fa8345fb800a97398fc1c925f5af1447e98f47
videolan/vlc,https://github.com/videolan/vlc,f6fd327,Steve Lhomme,2025-10-07T11:28:14Z,configure: use AX_APPEND_COMPILE_FLAGS to check each fomit-frame-pointer check,https://github.com/videolan/vlc/commit/f6fd3272db7ca3ec0d57bcefe665b7927ae101bc
videolan/vlc,https://github.com/videolan/vlc,efc9fe5,Steve Lhomme,2025-10-07T11:28:01Z,configure: use AX_APPEND_COMPILE_FLAGS to check each funroll-loops check,https://github.com/videolan/vlc/commit/efc9fe512b4c5fcd09015f474f9b7885b46f71e0
videolan/vlc,https://github.com/videolan/vlc,4174da7,Thomas Guillem,2025-11-24T09:58:40Z,"clock: fix resume from pause + reset  Reset the pause_date on reset/flush, so save the paused state in a new variable.  Fixes #29468",https://github.com/videolan/vlc/commit/4174da77cfa04d3c653e9e533ae1a0aefa4d57d6
videolan/vlc,https://github.com/videolan/vlc,5075dc5,Claudio Cambra,2025-11-26T19:16:24Z,macosx: Fix path control height on Tahoe  Signed-off-by: Claudio Cambra <developer@claudiocambra.com>,https://github.com/videolan/vlc/commit/5075dc59a8e0bd3d406e80def9b00867a39f85b4
videolan/vlc,https://github.com/videolan/vlc,e7f8c4a,Claudio Cambra,2025-11-26T17:46:46Z,macosx: Avoid race condition on set/get of self.collectionArray in VLCLibraryHomeViewVideoContainerViewDataSource  Signed-off-by: Claudio Cambra <developer@claudiocambra.com>,https://github.com/videolan/vlc/commit/e7f8c4a35add4d93fb7062324fdb244e91ea9445
videolan/vlc,https://github.com/videolan/vlc,75c26b9,Tristan Matthews,2025-11-27T01:52:31Z,access/v4l2: use ARRAY_SIZE,https://github.com/videolan/vlc/commit/75c26b9fde45a72562bbf6747f40b26bef946419
videolan/vlc,https://github.com/videolan/vlc,506fddb,Tristan Matthews,2025-11-27T01:42:49Z,srt: use ARRAY_SIZE,https://github.com/videolan/vlc/commit/506fddb61705ca1f2d912423005cb24832e4ff62
videolan/vlc,https://github.com/videolan/vlc,c74d6e6,Tristan Matthews,2025-11-27T01:41:53Z,pulse: use ARRAY_SIZE,https://github.com/videolan/vlc/commit/c74d6e604115476afee7b0d94a7968515e52272a
videolan/vlc,https://github.com/videolan/vlc,81755d0,Tristan Matthews,2025-11-27T01:40:09Z,access: pipewire: use ARRAY_SIZE,https://github.com/videolan/vlc/commit/81755d0ba877483227b59fc31277b0d05be14c81
videolan/vlc,https://github.com/videolan/vlc,ad337f2,Tristan Matthews,2025-11-27T01:39:02Z,access: http: use ARRAY_SIZE,https://github.com/videolan/vlc/commit/ad337f2bf05990cd082f51fa3a0f28f40410f39a
videolan/vlc,https://github.com/videolan/vlc,785c8e6,Tristan Matthews,2025-11-27T01:33:27Z,access: dtv: use ARRAY_SIZE,https://github.com/videolan/vlc/commit/785c8e6b59a3222ece6b3ccb2c32c9b0cafd6841
videolan/vlc,https://github.com/videolan/vlc,5cba57f,Tristan Matthews,2025-11-27T01:17:37Z,bdagraph: use ARRAY_SIZE,https://github.com/videolan/vlc/commit/5cba57f98d90dd9a20f8b2c94c408b17b5745a9b
videolan/vlc,https://github.com/videolan/vlc,4390552,Tristan Matthews,2025-11-27T01:16:50Z,alsa: use ARRAY_SIZE,https://github.com/videolan/vlc/commit/4390552706eed93efae1e3155c5b26b369ae91ca
videolan/vlc,https://github.com/videolan/vlc,ff3b751,Steve Lhomme,2025-11-26T08:43:33Z,qt: add test link args to Qt tests  Otherwise they fail to link for Windows builds.,https://github.com/videolan/vlc/commit/ff3b751173f3eb9687661318b932433c005bcaf8
videolan/vlc,https://github.com/videolan/vlc,461f77f,Steve Lhomme,2025-11-26T08:42:58Z,tests: meson: allow setting extra link_args,https://github.com/videolan/vlc/commit/461f77f599ddafbfc6f829f8cf4122194ac4f2e0
videolan/vlc,https://github.com/videolan/vlc,9f12ea1,Steve Lhomme,2025-11-26T08:06:49Z,contrib: qt: enable QtTest in our own build  This should have no impact on the release builds.,https://github.com/videolan/vlc/commit/9f12ea18a40b3a9582342206dfab783b3be003a1
videolan/vlc,https://github.com/videolan/vlc,925cf7f,Claudio Cambra,2025-11-26T15:36:11Z,macosx: Implement library item presentation for collection view in VLCLibraryVideoViewController  Signed-off-by: Claudio Cambra <developer@claudiocambra.com>,https://github.com/videolan/vlc/commit/925cf7fd8ea94d39e01b1aedd04138f7348ec575
videolan/vlc,https://github.com/videolan/vlc,95d89e7,Steve Lhomme,2025-11-26T14:06:02Z,contrib: libarchive: update to 3.8.3  Fixes some security issues and bugs [^1].  [^1]: https://github.com/libarchive/libarchive/releases/tag/v3.8.3,https://github.com/videolan/vlc/commit/95d89e739a4d514f455cef4d77d644361007bd81
videolan/vlc,https://github.com/videolan/vlc,15449b6,Steve Lhomme,2025-11-17T14:59:04Z,qt: mlplaylistlistmodel: don't do requested transaction if another one is processing  It looks more like a failure that way.,https://github.com/videolan/vlc/commit/15449b6861dcf137be2284910621eca2567df807
videolan/vlc,https://github.com/videolan/vlc,0c10053,Noah Davis,2025-11-27T10:58:09Z,Add SRT listener mode to SRT input access module,https://github.com/videolan/vlc/commit/0c100530542ccbaee72180bc380a31eccd3bda54
videolan/vlc,https://github.com/videolan/vlc,82db8c4,Thomas Guillem,2025-11-18T14:56:31Z,"es_out: don't flush decoders if drained  As the doc says:  ""The instance must have been drained using vlc_input_decoder_Drain() or flushed using vlc_input_decoder_Flush() after any previous call to vlc_input_decoder_Decode() before calling the destructor.""  This will allow not flushing outputs when doing gapless transition.  Fixes #28463",https://github.com/videolan/vlc/commit/82db8c43c1433ef26e1f27cd85cb54d4285135db
videolan/vlc,https://github.com/videolan/vlc,bd68f98,Thomas Guillem,2025-11-25T05:29:43Z,es_out: use vlc_input_decoder_IsDrained() when applicable,https://github.com/videolan/vlc/commit/bd68f98920acb1ad2fe62ee26c6e9da7b41905ec
videolan/vlc,https://github.com/videolan/vlc,5eb0c9c,Thomas Guillem,2025-11-25T05:28:09Z,decoder: move draining check  No functional changes as IsDrained() is only used by IsEmpty() internally.,https://github.com/videolan/vlc/commit/5eb0c9c48312bfb57bdf174c071a7f984f4ef7fe
videolan/vlc,https://github.com/videolan/vlc,ef85344,Thomas Guillem,2025-11-25T05:23:53Z,"decoder: add vlc_input_decoder_IsDrained()  Polling is still ugly, but I don't think it's wise to change this behavior in vout and aout for now.",https://github.com/videolan/vlc/commit/ef85344c0963451a4c20dc39f824b85d37e7f329
videolan/vlc,https://github.com/videolan/vlc,fd3b0b3,Claudio Cambra,2025-11-25T14:49:10Z,macosx: Remove extension loading from VLCMainMenu  Signed-off-by: Claudio Cambra <developer@claudiocambra.com>,https://github.com/videolan/vlc/commit/fd3b0b3ec5e7c4472c7894ea64a9cdfa0676bab6
videolan/vlc,https://github.com/videolan/vlc,1f18f88,Claudio Cambra,2025-11-25T14:48:38Z,macosx: Autoload extensions on init of VLCExtensionsManager if the preference is set  Signed-off-by: Claudio Cambra <developer@claudiocambra.com>,https://github.com/videolan/vlc/commit/1f18f88a54df1a8757f9ba07cff689aeeb7b06b0
videolan/vlc,https://github.com/videolan/vlc,a6669dc,Claudio Cambra,2025-11-25T14:48:10Z,macosx: Implement preference for autoloading extensions  Signed-off-by: Claudio Cambra <developer@claudiocambra.com>,https://github.com/videolan/vlc/commit/a6669dc77c3d6cdb404a2595ced53889687c49bb
videolan/vlc,https://github.com/videolan/vlc,ba4c434,Steve Lhomme,2025-11-13T13:41:35Z,qt: threadrunner: constify internal variables of RunOnThreadRunner,https://github.com/videolan/vlc/commit/ba4c434b280a8949a770e5b886c74365d6ae7e10
videolan/vlc,https://github.com/videolan/vlc,3e607b8,Steve Lhomme,2025-11-17T12:24:31Z,qt: medialib: avoid including unused QVariant,https://github.com/videolan/vlc/commit/3e607b82ff08ccd6dc9d48ca4f3499f22942fce3
videolan/vlc,https://github.com/videolan/vlc,c6431fc,Steve Lhomme,2025-11-17T12:23:03Z,qt: medialib: avoid including QQmlEngine all the time,https://github.com/videolan/vlc/commit/c6431fc7f574413c554c8e4933760827823fb594
videolan/vlc,https://github.com/videolan/vlc,80965a5,Steve Lhomme,2025-11-25T12:49:12Z,qt: don't moc mlmedia.hpp,https://github.com/videolan/vlc/commit/80965a58cfc6c27fb905660e67e7fbb914039056
videolan/vlc,https://github.com/videolan/vlc,a791a7a,Steve Lhomme,2025-11-13T12:47:48Z,qt: fix typo,https://github.com/videolan/vlc/commit/a791a7adfda0e8c3925c72faa8de31ba0f647a82
videolan/vlc,https://github.com/videolan/vlc,05f437f,Claudio Cambra,2025-11-18T13:55:34Z,macosx: Add VLCLibraryAudioGroupTableHeaderCell  Signed-off-by: Claudio Cambra <developer@claudiocambra.com>,https://github.com/videolan/vlc/commit/05f437f98ec2b830315fe11e837049c227bf3662
videolan/vlc,https://github.com/videolan/vlc,f04b622,Claudio Cambra,2025-11-16T18:43:16Z,macosx: Use an NSGlassEffectView for the audio group table header view on macOS 26  Signed-off-by: Claudio Cambra <developer@claudiocambra.com>,https://github.com/videolan/vlc/commit/f04b622e47390177a84bc3e1704b62a4f840d7e7
videolan/vlc,https://github.com/videolan/vlc,7b41877,Claudio Cambra,2025-11-15T17:16:42Z,macosx: Configure audio group table header view and delegation for it in VLCLibraryAudioViewController  Signed-off-by: Claudio Cambra <developer@claudiocambra.com>,https://github.com/videolan/vlc/commit/7b4187743cd3eb164543c655544ea9c5747de9fd
videolan/vlc,https://github.com/videolan/vlc,c5f3775,Claudio Cambra,2025-11-15T17:15:45Z,macosx: Add a audio group table header view  Signed-off-by: Claudio Cambra <developer@claudiocambra.com>,https://github.com/videolan/vlc/commit/c5f377598e525172ded0558707c7d9861be672c8
videolan/vlc,https://github.com/videolan/vlc,ce3ffce,Claudio Cambra,2025-11-15T09:23:37Z,macosx: Add new header delegate property to audio data source  Signed-off-by: Claudio Cambra <developer@claudiocambra.com>,https://github.com/videolan/vlc/commit/ce3ffce98ec8e8401742d6e7a196180f6601b0bc
videolan/vlc,https://github.com/videolan/vlc,47ca518,Claudio Cambra,2025-11-15T17:46:07Z,macosx: Add VLCLibraryAudioDataSourceHeaderDelegate  Signed-off-by: Claudio Cambra <developer@claudiocambra.com>,https://github.com/videolan/vlc/commit/47ca518674a2e3e616bb31de5f563513ce76c3cb
videolan/vlc,https://github.com/videolan/vlc,31b9abc,Fatih Uzunoglu,2025-11-19T15:10:36Z,"qt: do not signal current item change unnecessarily in `PlaylistController` #2  This was missed in 776121f3 because I thought, as the callback name implied, it would be called when the current item changed so checking if the current item changed would be redundant. However, the callback is actually for current index change, so we also have to compare the current item there before signalling the change to prevent unnecessarily signalling the change.",https://github.com/videolan/vlc/commit/31b9abc49c938252c24c05871468df5444ea4bed
videolan/vlc,https://github.com/videolan/vlc,8dd97ec,Fatih Uzunoglu,2025-11-19T15:04:49Z,qt: rename playlist current item change callback in `PlaylistController`,https://github.com/videolan/vlc/commit/8dd97ec29f01ea95be44a3b9f70579d16d1fe4d6
videolan/vlc,https://github.com/videolan/vlc,de6a6b6,Pierre Lamot,2025-11-21T12:42:00Z,qt: open an error dialog when saving metadata fails,https://github.com/videolan/vlc/commit/de6a6b6e29afe5b3cf79f02483c24aa12baa9b24
videolan/vlc,https://github.com/videolan/vlc,019f945,Pierre Lamot,2025-11-21T12:40:02Z,meta: return a failure if no meta writer module is found in input_item_WriteMeta,https://github.com/videolan/vlc/commit/019f945eedd3690406eace4222b4a5c5425dad72
videolan/vlc,https://github.com/videolan/vlc,0b2f6fe,Claudio Cambra,2025-11-21T07:06:22Z,macosx: Check for numberOfAudioDevices below 0  Signed-off-by: Claudio Cambra <developer@claudiocambra.com>,https://github.com/videolan/vlc/commit/0b2f6feffc77f202389bd50654df65fb7bca45e6
videolan/vlc,https://github.com/videolan/vlc,f16cf31,Claudio Cambra,2025-11-20T14:09:21Z,macosx: Fix compile warnings in VLCMainMenu  Signed-off-by: Claudio Cambra <developer@claudiocambra.com>,https://github.com/videolan/vlc/commit/f16cf314d3cedf89e09643ada49c1a86e6e7452c
videolan/vlc,https://github.com/videolan/vlc,2a8cd6c,Claudio Cambra,2025-11-20T14:07:17Z,macosx: Fix compile warnings in VLCMain  Signed-off-by: Claudio Cambra <developer@claudiocambra.com>,https://github.com/videolan/vlc/commit/2a8cd6c14919a3b42c6ee2daf2d3c6916a9fd3c9
videolan/vlc,https://github.com/videolan/vlc,e2a8f71,Claudio Cambra,2025-11-20T14:06:50Z,macosx: Fix compile warnings in VLCLibraryAudioViewController  Signed-off-by: Claudio Cambra <developer@claudiocambra.com>,https://github.com/videolan/vlc/commit/e2a8f7196d9073e64f3f1fc0dcedcfe68caa624c
videolan/vlc,https://github.com/videolan/vlc,04fbb0d,Claudio Cambra,2025-11-20T14:06:22Z,macosx: Fix compile warnings in VLCLibraryAlbumTableCellView  Signed-off-by: Claudio Cambra <developer@claudiocambra.com>,https://github.com/videolan/vlc/commit/04fbb0da879ffd6338e25c149439e1f34f511b70
videolan/vlc,https://github.com/videolan/vlc,6bf4b94,Claudio Cambra,2025-11-20T13:51:26Z,macosx: Fix compile warnings in VLCLbraryCollectionViewFlowLayout  Signed-off-by: Claudio Cambra <developer@claudiocambra.com>,https://github.com/videolan/vlc/commit/6bf4b9406aada0455e74505aa05197ad1375f126
videolan/vlc,https://github.com/videolan/vlc,f46a07c,Claudio Cambra,2025-11-20T13:08:59Z,macosx: Unify properties used to indicate if the library window is actively presenting video playback  Signed-off-by: Claudio Cambra <developer@claudiocambra.com>,https://github.com/videolan/vlc/commit/f46a07c976b5a1023eef27ba321779079fb5dfe5
videolan/vlc,https://github.com/videolan/vlc,eb40b72,Claudio Cambra,2025-11-20T10:47:51Z,macosx: Fix currently playing song's table view items (within album table view item's table views) losing boldness  Signed-off-by: Claudio Cambra <developer@claudiocambra.com>,https://github.com/videolan/vlc/commit/eb40b72d6d60ea6de35f8c46506725af118ed6a3
videolan/vlc,https://github.com/videolan/vlc,3bf92cc,Pierre Lamot,2025-11-19T14:21:26Z,test: add test for rbga picture format,https://github.com/videolan/vlc/commit/3bf92cc6c756abcc5ad43c59382a0deb2ec39cf5
videolan/vlc,https://github.com/videolan/vlc,dfecd32,Pierre Lamot,2025-11-19T14:20:26Z,lib: picture: add rgba format,https://github.com/videolan/vlc/commit/dfecd32a5c01cffde6a33ae64f693d74a72dbe21
videolan/vlc,https://github.com/videolan/vlc,03de193,Pierre Lamot,2022-01-06T14:20:19Z,ci: re-enable building snap package,https://github.com/videolan/vlc/commit/03de19324f58ee8e2efa8c8a408d7c43848b8794
videolan/vlc,https://github.com/videolan/vlc,eee199b,Pierre Lamot,2022-01-06T14:20:19Z,snap: update to core22 and make it compatible with snapcraft 8,https://github.com/videolan/vlc/commit/eee199bd1c55e0b680d91b78d247ef72b6df9a97
videolan/vlc,https://github.com/videolan/vlc,b43e610,Pierre Lamot,2025-10-28T10:40:48Z,contrib: protobuf: prioritize internal include path over zlib include directories,https://github.com/videolan/vlc/commit/b43e610586f8d20ea007ea5d963e50a2fd3bc8ed
videolan/vlc,https://github.com/videolan/vlc,c18c26a,Marvin Scholz,2025-11-18T16:24:38Z,"apple: build.sh: always set target through compiler argument  Even when linking we should use the -m<os>-version-min argument and let the compiler set the proper low-level linker arguments instead of second-guessing it, and getting it wrong in cases like when building for aarch64 targeting 10.11, which never existed. Letting the compiler handle this will result in the proper outcome:   ld [...] -arch arm64 -platform_version macos 11.0.0 26.1",https://github.com/videolan/vlc/commit/c18c26a9672020c99c8c7ebe46af80d185152bb1
videolan/vlc,https://github.com/videolan/vlc,8fa19d7,Thomas Guillem,2025-11-19T08:24:21Z,"decoder: use an union for video/audio/spu  Make the structure a little more readable.  Every union variables are read after an es cat check, or from a es specific callback. I added an assert on es cat from these callbacks.",https://github.com/videolan/vlc/commit/8fa19d7c7dcdfa28e22cd84913ae7acec5b4c3bd
videolan/vlc,https://github.com/videolan/vlc,ea392ee,François Cartegnie,2025-11-07T14:44:46Z,codec: webvtt: fix line/position alignment,https://github.com/videolan/vlc/commit/ea392ee93bc652a1bcb399d989e2b169a68fbe1a
videolan/vlc,https://github.com/videolan/vlc,67deae2,Pierre Lamot,2025-11-13T14:38:05Z,qt: set in DComp compositor in failed state after unloadGUI has been called  we expect the compositor to not use mainCtx after unloadGUI has been called https://code.videolan.org/videolan/vlc/-/tree/2101c1258b171a75178e19a3f8bc1c6bab4000cf/modules/gui/qt/qt.cpp#L1191  But the setup phase is triggered asynchronously once the first frame renders. So we can skip the setup phase once in unloadGUI as we know we won't show the UI,https://github.com/videolan/vlc/commit/67deae26cf882567629385d8b4f57b6076ad4ed8
videolan/vlc,https://github.com/videolan/vlc,8039759,Claudio Cambra,2025-11-18T16:22:23Z,macosx: Fix deadlock when playqueue playback finishes  Signed-off-by: Claudio Cambra <developer@claudiocambra.com>,https://github.com/videolan/vlc/commit/80397597e90c829557cdf5fe2804e2c8e78977d7
videolan/vlc,https://github.com/videolan/vlc,aac4b53,Tristan Matthews,2025-11-18T17:09:41Z,demux: playlist: dvb: use ARRAY_SIZE,https://github.com/videolan/vlc/commit/aac4b531297c809d63ecb6e685159f8ed583bc44
videolan/vlc,https://github.com/videolan/vlc,46d6b0c,Tristan Matthews,2025-11-18T17:05:34Z,codec: uleaddvaudio: use ARRAY_SIZE,https://github.com/videolan/vlc/commit/46d6b0cae51bf51a4974e2ef18f27cb7625f57e3
videolan/vlc,https://github.com/videolan/vlc,2c871a9,Tristan Matthews,2025-11-18T16:58:37Z,codec: mpg123: use ARRAY_SIZE,https://github.com/videolan/vlc/commit/2c871a9f32b59770db237c99c4bec01a56f78b39
videolan/vlc,https://github.com/videolan/vlc,dd60254,Tristan Matthews,2025-11-18T16:57:16Z,avcodec: encoder: use ARRAY_SIZE,https://github.com/videolan/vlc/commit/dd60254b8cd73672dab5ae509a7cf2ed8ed77f8d
videolan/vlc,https://github.com/videolan/vlc,2c5a961,Tristan Matthews,2025-11-18T16:53:27Z,demux: wav: use ARRAY_SIZE,https://github.com/videolan/vlc/commit/2c5a9619912a148a963f70cccb9f96f718858f81
videolan/vlc,https://github.com/videolan/vlc,bdb5e1e,Tristan Matthews,2025-11-18T16:52:04Z,demux: ogg: use ARRAY_SIZE,https://github.com/videolan/vlc/commit/bdb5e1ec58a8d277f7b159e89a3c3a69df192cb8
videolan/vlc,https://github.com/videolan/vlc,efebed8,Tristan Matthews,2025-11-18T16:49:48Z,codec: x264: use ARRAY_SIZE,https://github.com/videolan/vlc/commit/efebed82533fb926458e2efef1faabbf4628be54
videolan/vlc,https://github.com/videolan/vlc,afd640e,Khalid Masum,2025-11-13T15:06:38Z,"extras: tools: bootstrap: Do not add xz when tar is needed  We already do that in tools.mak. Moreover, it causes two xz targets to be created in the Makefile.",https://github.com/videolan/vlc/commit/afd640e96ff2d0b8d8472d351d8adc7852828f0b
videolan/vlc,https://github.com/videolan/vlc,50466f4,Khalid Masum,2025-11-13T16:56:59Z,extras: tools: remove unnecessary xz dependency  tar depends on xz anyway.,https://github.com/videolan/vlc/commit/50466f4adf2aff4599deec9a520f7346807b7a9c
videolan/vlc,https://github.com/videolan/vlc,85655ed,Khalid Masum,2025-11-13T16:56:16Z,extras: tools: bootstrap: rework makefile generation  Make sure all the targets are touched to stop unnecessary rebuilding.,https://github.com/videolan/vlc/commit/85655ed9d621ff8c82e85a6223e53206d13704a1
videolan/vlc,https://github.com/videolan/vlc,65f66c8,Tristan Matthews,2025-11-17T17:45:36Z,"contrib: dav1d: update to 1.5.2  ""1.5.2 is a minor release of dav1d, focusing on minor speed optimizations, reduce code size and other small fixes on tools and compilation""",https://github.com/videolan/vlc/commit/65f66c82bf35571e6096a434a0015b0ccc01ec5f
videolan/vlc,https://github.com/videolan/vlc,188aa5d,Steve Lhomme,2025-11-17T11:17:34Z,"contrib: soxr: fix usage of libavutil tx  It requires aligned buffers, so we use the libavutil allocators as the original code.  And the stride is always sizeof(float).",https://github.com/videolan/vlc/commit/188aa5dc7d435fbbf5cdb6addae86afd99cc17d7
videolan/vlc,https://github.com/videolan/vlc,2f7222b,Marvin Scholz,2025-09-19T15:25:49Z,modules: xcb: silence unused variable warning without xkb-common,https://github.com/videolan/vlc/commit/2f7222ba64e5118518cacb5917b61a69dc4842b2
videolan/vlc,https://github.com/videolan/vlc,5b1e978,Marvin Scholz,2025-09-19T15:23:44Z,modules: pva: do not read possibly uninitialized memory,https://github.com/videolan/vlc/commit/5b1e9782754544cc6b672e873b49fd07c10fad8b
videolan/vlc,https://github.com/videolan/vlc,44a8d6c,Marvin Scholz,2025-09-19T15:15:31Z,modules: xcb: silence unused variables warnings,https://github.com/videolan/vlc/commit/44a8d6c5d195894f72056e377fbdf6515c624502
videolan/vlc,https://github.com/videolan/vlc,247f5ec,Marvin Scholz,2025-09-19T14:56:34Z,modules: vpx: ensure thread count can't be negative  Also resolves a warning about type conversion in the ternary and avoid evaluating vlc_GetCPUCount twice.,https://github.com/videolan/vlc/commit/247f5ecc77a28a5709f97bbf735f39dbd74f36ae
videolan/vlc,https://github.com/videolan/vlc,e3164ea,Marvin Scholz,2025-09-19T14:45:38Z,"modules: aiff: rename and use array init for chunk id  Rename psz_name to chunk_id as clearly this is not a pointer to a zero terminated string. Also use an array initializer instead of a string literal, as we do not expect it to be NUL terminated.",https://github.com/videolan/vlc/commit/e3164ea115137e3295261de6b144be4b4d986a15
videolan/vlc,https://github.com/videolan/vlc,fc831ab,Marvin Scholz,2025-09-19T14:38:12Z,modules: rtp: use uint_fast8_t for the loop variable as well,https://github.com/videolan/vlc/commit/fc831ab558147d6f82d6a1a28cfe681486b3c5e4
videolan/vlc,https://github.com/videolan/vlc,67ea40c,Marvin Scholz,2025-09-19T14:27:48Z,modules: rtp: use array initializer for hex chars  This buffer is not used as a string so does not need to be NUL terminated.,https://github.com/videolan/vlc/commit/67ea40c62439b68c56a70cd0650b7f0beef4b03b
